PO_ID,Supplier_Name,Supplier_Region,Product_Category,Order_Date,Quantity_Ordered,Unit_Cost_USD,Lead_Time_Days,Defect_Rate_Pct,On_Time_Delivery
PO1151,GlobalSupply Co,South,Packaging,09 Jul 2025,1808,"$3,910",12.0,4.23,Yes
PO1409,TamilCast ,South ,Consumables,05-01-2025,1619,"$1,339",3.0,7.83,Yes
PO1572,BharatParts,east,Components,17 Feb 2024,1273,"$2,166",11.0,4.61,No
PO1621,GlobalSupply Co,west,Packaging,2024/12/25,543,"$1,304",15.0,3.59,No
PO1182,Zenith Traders ,WEST,Packaging,20-08-2023,1791,$ 763,3.0,6.99,Yes
PO1595,Zenith Traders,West ,Components,21 Apr 2024,1059,"$3,213",24.0,1.96,No
PO1364,NovaPack,North ,Raw Material,2025/11/16,557,"$1,931",14.0,0.68,Yes
PO1743,Meridian Exports,West,Components,08 Dec 2024,449,"$1,658",5.0,1.85,Yes
PO1777,Ashoka Metals,North ,Raw Material,14 Nov 2025,1808,"$3,422",21.0,4.85,Yes
PO1108,BharatParts,West,Packaging,2024/05/13,342,$ 264,13.0,4.8,No
PO1719,Ashoka Metals ,south,Components,03 Jun 2025,650,"$2,988",14.0,6.01,Yes
PO1561,Zenith Traders,north,Consumables,01 Feb 2024,76,$ 538,11.0,6.95,Yes
PO1567,GlobalSupply Co,north,Raw Material,2023/05/20,455,"$2,651",7.0,7.94,Yes
PO1488,TamilCast,East,Raw Material,2023/09/02,1472,"$2,550",19.0,0.72,No
PO1844,Ashoka Metals,west,Raw Material,2024/04/14,277,"$2,595",19.0,3.53,Yes
PO1106,Meridian Exports,North,Components,16-12-2023,212,"$1,119",6.0,1.23,Yes
PO1477,TamilCast,East ,Raw Material,27 Oct 2024,528,$162,25.0,5.65,No
PO1261,Ashoka Metals,West,Raw Material,03-08-2024,1134,"$2,887",14.0,4.29,Yes
PO1023,Meridian Exports,east,Consumables,19 Sep 2024,73,"$3,713",7.0,2.7,Yes
PO1462,Sunfield Industries,North ,Components,2024/01/10,640,$ 744,16.0,6.84,Yes
PO1118,Zenith Traders,SOUTH,Packaging,04 Jan 2024,152,"$3,847",20.0,4.26,No
PO1511,Sunfield Industries,West,Packaging,2023/04/17,173,"$3,156",6.0,6.22,No
PO1433, NovaPack,West,Components,06-08-2024,1470,"$2,061",17.0,5.94,Yes
PO1543,TamilCast,EAST,Consumables,2025/10/02,414,"$2,845",21.0,6.37,Yes
PO1728,BharatParts,north,Packaging,13-12-2023,1365,"$2,818",7.0,6.14,Yes
PO1341, GlobalSupply Co,North,Components,27 Mar 2025,476,$ 640,23.0,4.82,No
PO1258,Sunfield Industries,SOUTH,Consumables,14 Mar 2023,1045,$ 963,10.0,0.81,Yes
PO1072,BharatParts ,South,Packaging,2024/07/16,874,"$2,772",2.0,6.22,Yes
PO1906,Zenith Traders,South,Raw Material,14-01-2024,1810,$ 737,9.0,1.41,Yes
PO1191,Zenith Traders,north,Components,2024/06/25,1269,$ 434,2.0,5.94,Yes
PO1170,TamilCast,East,Consumables,15-04-2025,1041,"$3,776",20.0,4.63,Yes
PO1388,Zenith Traders,East,Packaging,27 Jan 2024,510,$ 716,21.0,4.86,No
PO1445, BharatParts,west,Consumables,03-05-2024,1718,"$3,348",23.0,3.77,No
PO1197, GlobalSupply Co,east,Components,23-09-2024,876,"$1,484",24.0,0.49,Yes
PO1835,GlobalSupply Co,East,Raw Material,25 Apr 2024,652,"$2,048",16.0,1.51,Yes
PO1439,GlobalSupply Co,South ,Consumables,10 May 2024,1089,"$1,913",4.0,7.79,No
PO1044,Meridian Exports ,East,Raw Material,2023/06/26,1366,$ 729,9.0,2.5,No
PO1693,Ashoka Metals,South,Packaging,17-06-2023,95,$ 659,17.0,2.67,No
PO1362,Ashoka Metals,West,Consumables,17 May 2025,1029,"$3,449",9.0,2.85,Yes
PO1018,TamilCast ,east,Components,19-12-2023,666,"$2,341",10.0,1.16,Yes
PO1300,GlobalSupply Co,SOUTH,Consumables,10-12-2023,1145,$ 301,13.0,2.1,No
PO1012,Meridian Exports,South,Consumables,2025/05/18,1861,"$1,545",13.0,7.82,No
PO1662,Ashoka Metals,South ,Consumables,08 Mar 2024,772,"$3,942",5.0,5.82,Yes
PO1515,TamilCast,west,Raw Material,19-10-2023,1718,"$1,307",21.0,4.94,Yes
PO1056, Zenith Traders,North,Consumables,2025/07/13,512,"$2,139",20.0,7.41,No
PO1057,Ashoka Metals,East,Raw Material,17 Jan 2024,668,"$3,050",26.0,1.74,No
PO1821,NovaPack,North ,Components,22-08-2024,1604,"$3,523",19.0,4.35,Yes
PO1756,NovaPack,SOUTH,Raw Material,06-11-2025,802,"$2,931",3.0,4.16,Yes
PO1161,BharatParts,west,Components,2023/10/25,957,$ 199,5.0,6.21,No
PO1891,Ashoka Metals,East ,Components,10-04-2024,469,$667,13.0,5.74,Yes
PO1628,Sunfield Industries,east,Components,09-04-2025,1893,$469,23.0,0.46,No
PO1640,Zenith Traders,West ,Packaging,12 Feb 2025,1530,"$3,552",23.0,7.97,Yes
PO1208,TamilCast,EAST,Packaging,2025/12/03,646,"$2,802",15.0,6.38,No
PO1135,GlobalSupply Co ,South ,Packaging,27 Jan 2025,1742,"$1,766",60.0,4.09,No
PO1516,TamilCast,West ,Consumables,2024/06/27,536,"$3,362",20.0,6.64,No
PO1955,Zenith Traders,SOUTH,Raw Material,14 Jun 2024,1500,"$1,229",13.0,,No
PO1876,BharatParts,east,Packaging,17 Jun 2023,1950,"$3,171",25.0,3.48,Yes
PO1641,GlobalSupply Co,North ,Raw Material,11-03-2023,1459,"$3,361",10.0,5.74,Yes
PO1869,GlobalSupply Co,EAST,Raw Material,07 Jul 2025,477,"$3,631",13.0,6.27,Yes
PO1607,Zenith Traders,EAST,Consumables,2025/05/10,697,"$1,258",9.0,0.81,Yes
PO1183,Sunfield Industries,EAST,Consumables,11-03-2025,591,$ 828,3.0,,Yes
PO1526,Zenith Traders,east,Components,2025/05/22,353,"$1,381",25.0,4.17,No
PO1948,NovaPack ,EAST,Raw Material,15 Aug 2025,1597,"$1,520",2.0,2.0,Yes
PO1893,Meridian Exports,south,Consumables,04-12-2025,244,$ 722,11.0,2.42,No
PO1901,Sunfield Industries,WEST,Raw Material,2024/09/27,586,$217,6.0,3.0,Yes
PO1914,TamilCast,SOUTH,Consumables,2024/09/22,921,"$2,058",13.0,0.11,Yes
PO1644,Zenith Traders ,west,Packaging,24-11-2025,107,$560,18.0,5.64,Yes
PO1513,Zenith Traders,South ,Consumables,09-08-2024,1943,"$2,840",21.0,7.33,No
PO1859,Zenith Traders ,EAST,Consumables,17 Aug 2024,1286,$ 770,16.0,3.37,Yes
PO1016,Ashoka Metals,WEST,Packaging,25 Dec 2025,171,"$3,625",25.0,2.04,No
PO1188,Zenith Traders ,north,Raw Material,2025/01/04,1480,"$1,846",12.0,4.59,No
PO1202,GlobalSupply Co,west,Consumables,08-01-2023,74,"$2,820",13.0,4.87,No
PO1613,TamilCast,SOUTH,Raw Material,2023/07/09,217,"$1,745",23.0,,No
PO1080,GlobalSupply Co ,NORTH,Raw Material,2023/05/24,658,"$2,738",11.0,5.7,Yes
PO1157,BharatParts,WEST,Raw Material,16 Jul 2023,1831,"$1,298",17.0,5.31,No
PO1478,Zenith Traders,East,Consumables,2024/01/11,1059,$ 481,23.0,6.97,Yes
PO1837,TamilCast,North ,Consumables,15 Mar 2024,67,"$1,014",8.0,6.98,Yes
PO1975,Zenith Traders,East ,Components,07-01-2023,648,$ 166,8.0,1.09,Yes
PO1473,Zenith Traders,north,Raw Material,11 May 2023,59,$ 755,17.0,5.85,Yes
PO1386,Zenith Traders,North ,Raw Material,2023/08/02,1010,"$3,880",13.0,6.18,Yes
PO1825, Ashoka Metals,NORTH,Consumables,18 Aug 2023,498,"$3,799",22.0,0.08,No
PO1688,Ashoka Metals,North ,Raw Material,2024/12/04,813,"$1,042",12.0,1.42,Yes
PO1650,GlobalSupply Co ,East,Raw Material,11-04-2024,1241,"$1,315",17.0,2.01,No
PO1753,NovaPack,South ,Raw Material,27-07-2023,1471,"$1,737",19.0,4.32,No
PO1034,Ashoka Metals,south,Raw Material,23-07-2024,704,"$1,690",20.0,3.82,No
PO1005,TamilCast,East,Packaging,25 Nov 2025,302,"$2,859",25.0,0.49,No
PO1980,Ashoka Metals,North,Packaging,27-08-2025,48,"$1,885",25.0,3.78,Yes
PO1957,GlobalSupply Co,South ,Packaging,13-06-2024,1840,$530,10.0,1.13,Yes
PO1163,NovaPack,west,Packaging,19 Sep 2025,694,"$2,273",25.0,5.39,Yes
PO1800,Meridian Exports,west,Components,03 Jul 2024,1349,"$3,249",17.0,,Yes
PO1292,Ashoka Metals,North,Raw Material,02-08-2024,1373,"$3,038",3.0,3.01,Yes
PO1264,Sunfield Industries ,EAST,Raw Material,23 Jun 2025,687,"$3,030",20.0,6.14,No
PO1430, TamilCast,north,Components,05-01-2024,1929,$ 660,18.0,6.44,No
PO1696,Sunfield Industries,North,Components,17 Oct 2023,375,$ 408,7.0,6.88,Yes
PO1141,Sunfield Industries,WEST,Components,2024/03/16,686,"$2,469",24.0,6.77,No
PO1602,GlobalSupply Co,north,Raw Material,13 Feb 2024,576,"$3,228",24.0,5.83,Yes
PO1110,TamilCast,West,Components,01-11-2024,1589,"$2,637",5.0,4.61,Yes
PO1726, Sunfield Industries,SOUTH,Consumables,10 Dec 2025,294,$ 153,15.0,5.42,Yes
PO1929, Sunfield Industries,south,Packaging,12 Apr 2024,860,"$2,675",14.0,7.26,Yes
PO1897, Ashoka Metals,WEST,Raw Material,03-03-2024,1977,"$3,045",13.0,2.05,Yes
PO1683,Zenith Traders,west,Consumables,27-03-2024,265,"$3,203",15.0,6.51,No
PO1860,BharatParts ,NORTH,Consumables,24 Jan 2023,1193,"$1,023",8.0,2.16,Yes
PO1931,NovaPack,East,Raw Material,2023/12/24,1969,"$2,331",13.0,1.84,No
PO1361,NovaPack,east,Components,01-06-2024,908,"$1,283",2.0,7.0,Yes
PO1927,NovaPack,North,Consumables,2023/05/04,1637,$ 412,7.0,1.38,Yes
PO1563,Ashoka Metals ,WEST,Raw Material,11-07-2025,1042,"$3,845",5.0,7.07,Yes
PO1833,Meridian Exports,South,Packaging,26 Apr 2023,1250,"$1,481",8.0,6.06,No
PO1675,Sunfield Industries,East ,Consumables,13 Apr 2024,1264,"$1,770",18.0,2.49,Yes
PO1534,Sunfield Industries,North ,Consumables,15-12-2023,1974,"$1,129",9.0,6.61,Yes
PO1406,Sunfield Industries,South ,Consumables,2023/07/21,1793,"$1,092",4.0,5.47,Yes
PO1522,GlobalSupply Co,South ,Components,14-11-2023,1139,"$3,931",9.0,4.31,Yes
PO1156,BharatParts,north,Components,08 May 2024,1355,"$3,516",25.0,0.5,Yes
PO1616,Ashoka Metals,North ,Consumables,2024/09/07,785,"$1,487",19.0,2.5,No
PO1149,Ashoka Metals ,North,Raw Material,27-09-2023,892,"$2,715",6.0,7.46,Yes
PO1530,BharatParts,East,Components,2024/09/06,909,"$2,754",22.0,0.18,No
PO1935,Zenith Traders,North ,Consumables,2025/01/11,950,"$1,054",21.0,2.88,No
PO1013,Zenith Traders,West,Consumables,01 Jan 2023,258,"$2,822",5.0,2.67,Yes
PO1422,Zenith Traders ,South ,Packaging,2023/03/25,610,"$1,913",6.0,5.09,Yes
PO1887,Zenith Traders,West ,Components,26-03-2024,1307,"$2,102",19.0,4.07,No
PO1041,Sunfield Industries,south,Components,18-01-2023,1405,$550,15.0,5.36,Yes
PO1198,Sunfield Industries,East,Packaging,03 Jul 2024,1923,"$1,286",14.0,2.23,No
PO1099,NovaPack,SOUTH,Components,01 Oct 2024,1569,"$2,410",19.0,4.77,No
PO1463, TamilCast,North ,Packaging,2025/01/14,1671,"$2,205",10.0,2.13,Yes
PO1518,Sunfield Industries,East,Packaging,06-11-2023,444,$ 615,18.0,2.48,Yes
PO1712,BharatParts,East,Components,2024/11/17,1290,$56,20.0,3.36,No
PO1003,NovaPack,East,Packaging,08-04-2025,973,"$2,746",14.0,6.96,No
PO1060,Ashoka Metals ,East ,Consumables,2023/12/28,1177,"$2,642",14.0,3.71,Yes
PO1169,Ashoka Metals,North,Raw Material,2023/12/05,577,"$2,457",6.0,7.36,Yes
PO1133,Ashoka Metals,South ,Components,01 Jun 2023,173,"$3,054",11.0,7.92,No
PO1972,BharatParts,EAST,Consumables,24-12-2025,234,"$1,057",7.0,,Yes
PO1571,BharatParts,south,Consumables,2024/04/12,1838,$118,21.0,7.0,No
PO1533, GlobalSupply Co,north,Consumables,13-12-2025,364,"$3,151",22.0,,No
PO1391,Sunfield Industries,SOUTH,Raw Material,08 Mar 2024,327,"$2,932",10.0,3.67,No
PO1094,TamilCast,North,Packaging,17 Sep 2024,226,"$3,551",23.0,7.95,No
PO1603,TamilCast,EAST,Raw Material,28-12-2023,1000,"$2,067",23.0,6.31,Yes
PO1249,BharatParts,North ,Consumables,20 Mar 2024,1880,"$1,818",22.0,5.33,Yes
PO1781,Sunfield Industries,North,Consumables,2023/12/22,1952,"$1,332",23.0,3.63,No
PO1829,Zenith Traders,EAST,Packaging,08-06-2023,1039,"$2,291",8.0,4.77,Yes
PO1001,Zenith Traders,west,Components,18 Aug 2024,772,$162,10.0,0.32,Yes
PO1936,Meridian Exports,South ,Packaging,21-03-2023,896,"$2,999",7.0,4.94,Yes
PO1497,GlobalSupply Co,South,Packaging,03 Jun 2024,1653,"$2,604",60.0,1.32,No
PO1531,BharatParts,North ,Raw Material,08-01-2023,381,"$2,796",8.0,0.13,Yes
PO1892,GlobalSupply Co ,SOUTH,Components,2025/08/01,1021,$538,23.0,5.55,No
PO1309,NovaPack,NORTH,Components,13 Dec 2024,80,"$2,976",21.0,1.78,No
PO1509,Ashoka Metals,West ,Components,2024/02/24,1469,"$2,895",5.0,6.21,Yes
PO1240,TamilCast,West ,Components,23-05-2025,567,"$2,817",19.0,6.62,No
PO1881, Meridian Exports,East,Components,02 Jul 2023,323,$745,7.0,7.13,No
PO1180,Meridian Exports,West ,Packaging,14 Jun 2024,1155,"$2,139",9.0,3.51,Yes
PO1853,NovaPack,north,Consumables,24 Jun 2024,897,$ 255,9.0,6.86,Yes
PO1834,TamilCast,East ,Components,08-08-2025,1181,$900,14.0,0.91,No
PO1525, Zenith Traders,South,Packaging,07-02-2025,215,$ 230,3.0,1.77,Yes
PO1795,NovaPack,east,Raw Material,03 Dec 2023,1491,$ 126,20.0,1.32,Yes
PO1545,BharatParts,North,Raw Material,24 Dec 2024,547,$ 716,11.0,5.1,No
PO1540,Zenith Traders,North,Packaging,19 Jan 2025,631,"$3,395",14.0,0.76,Yes
PO1691, GlobalSupply Co,NORTH,Raw Material,20 Apr 2024,877,"$2,080",15.0,0.38,No
PO1865,BharatParts,south,Consumables,2024/06/10,886,"$2,569",11.0,0.91,Yes
PO1179,Meridian Exports ,East ,Packaging,2024/10/14,359,"$2,777",5.0,4.83,Yes
PO1500,NovaPack,West,Raw Material,09-12-2023,319,"$3,253",3.0,4.7,No
PO1137,Zenith Traders,north,Packaging,15-11-2023,248,$976,22.0,5.14,Yes
PO1819,Meridian Exports,North,Raw Material,2024/09/03,791,$ 497,15.0,5.6,No
PO1487,Zenith Traders ,West,Components,25-04-2024,738,"$1,857",15.0,7.95,Yes
PO1983,NovaPack,East,Components,05 Mar 2023,1525,"$1,788",20.0,,No
PO1436,Sunfield Industries,West ,Raw Material,2025/12/10,398,$889,3.0,6.84,Yes
PO1380,Zenith Traders,WEST,Consumables,19-06-2023,150,$ 944,19.0,6.8,Yes
PO1431,NovaPack,South ,Components,01 Nov 2024,639,$262,25.0,4.15,No
PO1591,BharatParts,South,Components,18-02-2024,318,$545,22.0,0.79,No
PO1718,Ashoka Metals,South,Consumables,2025/01/05,537,$355,8.0,4.99,Yes
PO1200, NovaPack,west,Consumables,2025/09/24,437,"$2,020",15.0,0.73,No
PO1471, GlobalSupply Co,North ,Consumables,05-03-2024,1393,$41,14.0,0.22,Yes
PO1499,BharatParts,north,Consumables,03 Jan 2023,1115,"$3,684",21.0,4.11,No
PO1934,GlobalSupply Co,South,Components,2024/04/27,749,"$2,331",16.0,1.4,Yes
PO1856,Meridian Exports,SOUTH,Consumables,23-04-2025,734,"$1,031",11.0,4.35,Yes
PO1868,Meridian Exports,EAST,Consumables,02 Apr 2025,1637,$868,9.0,4.63,Yes
PO1830,Ashoka Metals,North,Consumables,28 May 2024,1345,"$3,578",22.0,1.09,No
PO1289,TamilCast ,North,Raw Material,2025/10/26,988,$ 138,7.0,5.34,Yes
PO1822,TamilCast,West,Packaging,2023/09/11,1820,"$1,414",12.0,1.43,No
PO1413,TamilCast,East ,Components,02 Mar 2024,137,"$2,068",21.0,5.72,No
PO1349,Ashoka Metals ,NORTH,Components,2024/02/09,395,"$3,449",21.0,3.01,No
PO1850,NovaPack,West,Packaging,2024/03/18,1591,$ 890,13.0,,Yes
PO1288,GlobalSupply Co,SOUTH,Consumables,2025/09/19,1722,$999,13.0,0.83,Yes
PO1333,GlobalSupply Co ,WEST,Raw Material,2024/10/13,1345,"$1,089",25.0,2.47,No
PO1317,NovaPack,South,Consumables,14-04-2024,1930,"$1,276",4.0,6.46,Yes
PO1257,NovaPack,east,Consumables,2025/01/27,1232,"$2,417",23.0,7.67,No
PO1590,NovaPack,East ,Raw Material,2024/08/03,1014,"$3,638",19.0,1.6,Yes
PO1928,Sunfield Industries,north,Components,16-08-2025,1665,"$3,149",26.0,4.54,No
PO1204,Ashoka Metals,east,Components,2023/03/22,1774,"$1,496",18.0,3.79,Yes
PO1667,Meridian Exports,north,Components,2024/02/28,320,"$3,922",23.0,4.18,No
PO1985,BharatParts,south,Components,02 May 2024,52,$ 71,21.0,0.22,No
PO1968,BharatParts,South ,Raw Material,2024/12/17,526,"$3,649",10.0,7.28,Yes
PO1397,Ashoka Metals,NORTH,Consumables,26 Sep 2024,484,"$2,368",7.0,1.53,Yes
PO1379,NovaPack ,west,Packaging,07 Oct 2025,940,"$3,826",23.0,3.78,Yes
PO1566,GlobalSupply Co,NORTH,Components,13 May 2023,1244,"$3,852",23.0,2.67,Yes
PO1472,NovaPack,WEST,Raw Material,19-09-2023,775,"$3,108",16.0,4.0,Yes
PO1827, Meridian Exports,east,Components,2024/07/01,834,"$3,596",4.0,6.23,Yes
PO1351,Zenith Traders ,SOUTH,Components,04 Apr 2024,764,$ 156,12.0,7.83,Yes
PO1705,Zenith Traders,NORTH,Components,2023/04/26,1955,"$2,471",7.0,7.35,Yes
PO1038,Zenith Traders,South,Components,2024/06/21,684,"$2,851",4.0,0.21,Yes
PO1715,NovaPack,South,Raw Material,17-09-2024,307,"$2,601",12.0,7.46,Yes
PO1594,Meridian Exports,SOUTH,Consumables,06 Jul 2024,201,"$3,856",6.0,7.53,No
PO1455,NovaPack,East ,Components,27 Apr 2024,1319,$333,9.0,0.19,Yes
PO1785, Ashoka Metals,East ,Raw Material,2024/08/07,257,"$2,659",17.0,3.18,Yes
PO1153,Ashoka Metals,North,Packaging,20-04-2024,1299,"$3,522",7.0,7.0,Yes
PO1241,GlobalSupply Co,South ,Components,2024/08/06,614,"$2,199",16.0,3.35,Yes
PO1776,Zenith Traders,West,Raw Material,06 Sep 2025,1819,"$2,141",4.0,3.35,Yes
PO1944, NovaPack,North ,Packaging,07-10-2024,294,"$3,747",7.0,2.14,Yes
PO1233, BharatParts,north,Packaging,06 Dec 2024,402,"$2,106",13.0,1.56,Yes
PO1557,Zenith Traders,WEST,Raw Material,2025/06/20,493,"$1,206",25.0,3.41,No
PO1089,GlobalSupply Co,NORTH,Packaging,16 Apr 2024,1418,"$1,729",10.0,1.25,No
PO1206,Meridian Exports,east,Raw Material,16 Jan 2024,252,"$2,961",10.0,0.08,Yes
PO1154,Zenith Traders,West ,Components,2024/11/20,1928,$ 71,5.0,6.11,Yes
PO1801,GlobalSupply Co,West,Packaging,07 May 2024,1096,"$3,048",5.0,1.39,Yes
PO1816, GlobalSupply Co,South ,Raw Material,17 Feb 2025,1485,$ 452,15.0,3.24,Yes
PO1092,TamilCast,WEST,Packaging,2023/06/12,1755,"$3,743",21.0,3.07,Yes
PO1360,Meridian Exports,North,Raw Material,10 Aug 2024,1469,$ 527,15.0,6.78,Yes
PO1879,Meridian Exports,east,Components,2023/09/28,1768,$ 257,16.0,1.57,No
PO1372,Sunfield Industries,west,Packaging,07 Apr 2023,1689,$386,8.0,4.78,Yes
PO1926,Ashoka Metals,South ,Raw Material,19 Nov 2024,1193,$ 60,19.0,4.2,No
PO1866,Ashoka Metals,south,Raw Material,26 Oct 2024,1663,"$2,064",22.0,6.98,No
PO1814,GlobalSupply Co,NORTH,Packaging,2024/08/12,1595,"$3,336",20.0,1.07,No
PO1224,NovaPack,West ,Components,2025/01/08,1309,$ 429,3.0,,Yes
PO1226,TamilCast,West ,Packaging,16 Jul 2023,306,"$2,845",22.0,3.51,No
PO1408,Meridian Exports,south,Components,20 Jul 2024,471,"$3,154",13.0,7.6,Yes
PO1510,GlobalSupply Co,East ,Packaging,03 Jul 2024,1269,"$3,673",23.0,5.54,No
PO1535,GlobalSupply Co,West ,Packaging,19 Jul 2024,1511,"$2,492",25.0,5.36,Yes
PO1630,NovaPack ,South,Raw Material,13-02-2025,689,$301,22.0,4.31,No
PO1986,GlobalSupply Co,east,Consumables,02-04-2024,133,"$2,233",8.0,3.54,Yes
PO1053,BharatParts,North ,Consumables,07-01-2025,849,$880,5.0,7.29,Yes
PO1196, GlobalSupply Co,NORTH,Consumables,27 Oct 2024,1807,"$2,290",8.0,6.18,Yes
PO1232,NovaPack,North ,Components,2024/08/20,140,"$2,470",26.0,6.04,No
PO1404,BharatParts,west,Raw Material,04-12-2024,1497,"$3,935",22.0,3.47,Yes
PO1274,NovaPack,east,Packaging,2025/11/19,293,"$2,888",14.0,7.91,No
PO1244,NovaPack,West ,Packaging,06-11-2025,239,"$3,747",8.0,4.34,Yes
PO1653, Zenith Traders,NORTH,Consumables,26-07-2024,648,"$1,033",18.0,2.33,No
PO1875,Sunfield Industries,North ,Raw Material,13 Sep 2024,56,"$3,827",16.0,5.65,No
PO1483, Ashoka Metals,NORTH,Consumables,2024/04/13,878,"$3,874",15.0,2.27,No
PO1332,Sunfield Industries,East,Packaging,2025/11/23,1817,"$3,914",22.0,2.71,No
PO1444,BharatParts,NORTH,Packaging,21 Sep 2024,1706,"$1,595",14.0,3.18,No
PO1159,Sunfield Industries,west,Consumables,16 Mar 2024,865,$ 575,9.0,4.18,Yes
PO1888,Meridian Exports,North ,Consumables,09 Jun 2024,592,"$1,290",8.0,6.96,Yes
PO1670,BharatParts,EAST,Consumables,2025/11/21,1263,"$2,120",20.0,7.91,Yes
PO1632,GlobalSupply Co ,east,Packaging,24 Oct 2024,882,"$3,050",26.0,0.42,No
PO1614,Sunfield Industries,south,Raw Material,2024/08/21,1176,"$3,230",4.0,0.06,Yes
PO1211, Sunfield Industries,south,Components,21 Oct 2025,765,"$2,388",10.0,2.61,Yes
PO1625,GlobalSupply Co,NORTH,Raw Material,2024/06/20,1049,$ 650,11.0,3.2,Yes
PO1428,Meridian Exports,WEST,Packaging,01 Sep 2024,1761,"$2,906",24.0,2.82,No
PO1498,GlobalSupply Co,West ,Components,01 Aug 2024,773,$ 821,23.0,5.98,No
PO1014, NovaPack,east,Components,04 Mar 2025,755,"$1,061",9.0,1.04,Yes
PO1011, Zenith Traders,west,Raw Material,28-01-2023,1470,$ 804,13.0,2.11,No
PO1138, TamilCast,east,Consumables,19 Jun 2024,1669,$503,4.0,7.09,Yes
PO1647, TamilCast,EAST,Components,18-07-2025,1652,"$1,303",26.0,3.31,No
PO1357,Ashoka Metals,north,Consumables,26-09-2024,971,"$2,867",19.0,2.36,No
PO1635,BharatParts ,South,Consumables,2024/07/28,1314,"$2,347",3.0,,Yes
PO1293,NovaPack,south,Packaging,27 May 2023,1007,$133,23.0,0.62,No
PO1744,Ashoka Metals ,north,Components,2025/12/07,1224,"$2,552",7.0,7.32,Yes
PO1093,NovaPack,SOUTH,Components,2025/10/22,1617,"$1,026",8.0,0.2,Yes
PO1787,Ashoka Metals,West,Raw Material,27 Jul 2024,1869,"$1,043",4.0,5.35,Yes
PO1410,Zenith Traders,WEST,Packaging,2023/02/26,1317,$ 264,11.0,2.97,Yes
PO1872,BharatParts ,north,Consumables,2025/08/15,689,"$1,181",22.0,2.66,Yes
PO1503,Meridian Exports,East ,Raw Material,12 Dec 2023,1502,"$1,353",6.0,0.13,Yes
PO1033,Sunfield Industries,west,Components,2025/10/10,518,"$3,123",25.0,2.4,No
PO1910,NovaPack,WEST,Raw Material,27 Sep 2024,967,"$1,272",19.0,6.63,No
PO1716,TamilCast,East,Raw Material,2023/12/05,813,"$1,299",4.0,5.12,Yes
PO1903,Zenith Traders ,North ,Packaging,02 May 2023,102,"$3,319",7.0,6.64,Yes
PO1233, BharatParts,north,Packaging,06 Dec 2024,402,"$2,106",13.0,1.56,Yes
PO1216,TamilCast,West,Components,06-09-2024,283,"$3,275",10.0,4.44,No
PO1358,Ashoka Metals,South ,Raw Material,16 Mar 2023,1549,"$3,679",9.0,0.53,Yes
PO1757, TamilCast,South ,Components,2024/04/22,1207,"$2,694",23.0,0.35,Yes
PO1754,Meridian Exports,north,Packaging,03-03-2025,444,"$3,713",19.0,7.22,No
PO1709,Meridian Exports,East,Components,2024/12/24,486,$ 612,10.0,1.65,No
PO1453,Sunfield Industries ,EAST,Raw Material,12 Nov 2024,537,"$3,945",14.0,5.83,Yes
PO1123,Sunfield Industries,North,Packaging,05 May 2023,987,$ 646,9.0,2.21,Yes
PO1116,TamilCast,West ,Consumables,2024/10/01,606,"$3,444",11.0,4.02,Yes
PO1823,NovaPack,north,Raw Material,08 Aug 2023,720,"$1,827",3.0,5.83,Yes
PO1026,BharatParts,south,Packaging,2024/04/06,1773,$243,8.0,2.25,No
PO1042,Meridian Exports,West ,Raw Material,25-12-2025,566,"$3,834",13.0,5.87,No
PO1377, GlobalSupply Co,East ,Packaging,28-09-2024,588,"$3,355",24.0,3.72,No
PO1400,TamilCast,south,Packaging,26-10-2024,445,"$1,577",4.0,1.4,Yes
PO1337,TamilCast,north,Packaging,12 Mar 2024,46,"$3,789",15.0,6.91,No
PO1350,NovaPack,South,Components,08 Feb 2023,1697,$357,13.0,6.76,No
PO1521,GlobalSupply Co,WEST,Components,2024/02/22,1475,"$1,854",23.0,5.55,No
PO1142,Ashoka Metals,North ,Components,06-05-2024,1713,"$2,695",9.0,3.88,Yes
PO1189,GlobalSupply Co,South,Raw Material,03-09-2024,700,"$1,338",2.0,5.99,Yes
PO1401,BharatParts,west,Consumables,10 Jul 2024,234,$ 237,25.0,0.41,No
PO1558, TamilCast,East ,Raw Material,2024/01/25,1192,$ 950,16.0,0.07,Yes
PO1267,Zenith Traders,West,Consumables,11-08-2024,962,"$3,557",2.0,7.33,Yes
PO1303,Ashoka Metals,west,Consumables,14 Jul 2023,1283,"$3,544",4.0,3.51,Yes
PO1435,TamilCast,north,Components,20-03-2024,1897,$ 291,10.0,5.31,Yes
PO1107,Sunfield Industries,East,Raw Material,21-09-2025,792,$808,7.0,7.9,Yes
PO1687,BharatParts,NORTH,Raw Material,23 Dec 2023,1943,$895,16.0,2.42,No
PO1122,Sunfield Industries,west,Components,05 Dec 2025,1177,"$3,542",4.0,2.75,Yes
PO1052,Zenith Traders,west,Consumables,11 Dec 2023,510,"$1,841",19.0,7.68,Yes
PO1585, Ashoka Metals,South ,Consumables,15 Jul 2024,744,"$1,056",12.0,0.06,Yes
PO1648,Zenith Traders ,WEST,Raw Material,17 Sep 2024,940,"$2,673",24.0,7.14,No
PO1943,NovaPack,South ,Components,26 Dec 2023,1964,"$3,225",19.0,7.07,No
PO1329,NovaPack,SOUTH,Raw Material,12 Dec 2024,1651,"$2,188",15.0,0.61,No
PO1104,BharatParts,South,Consumables,03-10-2024,1627,"$3,814",6.0,5.48,Yes
PO1243,Meridian Exports,SOUTH,Consumables,21 Jun 2023,1274,"$3,492",21.0,6.35,No
PO1316,BharatParts,NORTH,Consumables,24-11-2024,851,"$2,331",3.0,1.67,Yes
PO1629,NovaPack ,SOUTH,Components,15-03-2024,1565,$340,4.0,4.75,Yes
PO1278,Meridian Exports,NORTH,Packaging,16-03-2023,1755,"$1,001",17.0,3.45,Yes
PO1345, BharatParts,SOUTH,Consumables,12 May 2024,777,"$3,372",7.0,6.48,Yes
PO1489,BharatParts,West,Components,2024/11/18,1696,"$2,368",24.0,5.23,No
PO1799,Zenith Traders,East,Raw Material,21-08-2023,684,"$3,467",25.0,3.29,No
PO1654,TamilCast,south,Packaging,19-10-2023,1637,"$3,835",9.0,1.1,Yes
PO1242,Sunfield Industries ,West ,Consumables,2024/03/09,1292,$ 444,12.0,7.37,No
PO1369,Zenith Traders ,South,Raw Material,16 Oct 2024,1330,"$2,788",20.0,4.25,Yes
PO1760,Meridian Exports,SOUTH,Components,2023/01/17,1733,"$1,522",15.0,6.7,No
PO1578,BharatParts ,NORTH,Packaging,02 Feb 2025,76,"$3,167",20.0,7.78,No
PO1524, Ashoka Metals,NORTH,Components,25-06-2023,735,"$2,572",26.0,,No
PO1281,Meridian Exports,SOUTH,Consumables,28 Oct 2024,1722,"$1,236",2.0,7.3,Yes
PO1958,Meridian Exports,WEST,Components,28-04-2024,1466,$ 99,18.0,3.69,Yes
PO1164,Sunfield Industries ,NORTH,Consumables,05-05-2025,1685,$678,7.0,7.67,No
PO1713,TamilCast,East,Packaging,20-08-2023,1275,"$3,308",8.0,5.32,Yes
PO1506,GlobalSupply Co,East,Components,2024/03/18,87,"$1,062",23.0,7.92,No
PO1382,Zenith Traders,NORTH,Components,2024/04/03,529,"$1,326",21.0,5.71,No
PO1494,Sunfield Industries ,west,Packaging,10 Apr 2024,388,$470,19.0,2.99,No
PO1864,Zenith Traders,east,Raw Material,26-03-2024,449,"$3,191",20.0,2.54,No
PO1652,BharatParts,West ,Consumables,06 Jan 2025,1356,"$3,782",12.0,0.08,Yes
PO1209,Sunfield Industries,WEST,Components,04-12-2024,315,"$2,926",8.0,6.68,Yes
PO1767,Meridian Exports,EAST,Components,17-05-2024,374,"$1,544",24.0,1.67,No
PO1945,Ashoka Metals,North,Consumables,2024/12/02,1523,"$1,033",8.0,6.61,Yes
PO1845,Sunfield Industries ,South,Packaging,17 Sep 2024,1554,"$3,289",4.0,4.38,No
PO1088,Ashoka Metals,West ,Consumables,21 Jan 2025,1360,$ 973,23.0,5.59,No
PO1861,Meridian Exports,east,Raw Material,15-03-2024,1781,"$1,986",4.0,0.26,No
PO1752, NovaPack,West,Components,2024/05/15,597,$128,12.0,6.47,Yes
PO1238,Sunfield Industries,west,Components,18 Feb 2023,663,$300,13.0,7.75,Yes
PO1885,TamilCast,north,Raw Material,10 Jul 2023,1121,"$1,828",10.0,7.82,Yes
PO1352,TamilCast,EAST,Consumables,09-07-2024,101,"$3,413",5.0,0.98,Yes
PO1482,Meridian Exports,SOUTH,Components,16 Feb 2023,786,"$3,705",21.0,0.74,Yes
PO1649,Meridian Exports,south,Raw Material,2024/03/07,769,$ 120,23.0,1.69,Yes
PO1947,Zenith Traders,WEST,Raw Material,27-05-2023,1645,"$2,624",4.0,5.84,Yes
PO1735, Ashoka Metals,West,Components,2024/12/01,708,"$3,004",16.0,6.12,No
PO1009,Ashoka Metals,North,Components,25-03-2025,1897,"$3,686",24.0,5.37,No
PO1610,TamilCast ,West ,Raw Material,2024/08/22,252,"$1,130",2.0,1.45,Yes
PO1220,Zenith Traders,West ,Raw Material,23 Jun 2024,782,"$1,474",15.0,5.89,Yes
PO1387,BharatParts ,WEST,Raw Material,21-08-2024,551,"$3,154",22.0,7.53,Yes
PO1959,Meridian Exports ,West,Consumables,2024/04/06,299,"$3,662",17.0,4.89,No
PO1532,Zenith Traders,east,Consumables,01 Sep 2024,813,$834,25.0,2.41,No
PO1399,TamilCast,North,Components,06-12-2024,526,"$3,787",12.0,0.36,Yes
PO1460,Sunfield Industries ,West ,Components,2024/05/10,1854,$206,60.0,3.79,No
PO1114,Zenith Traders,East,Raw Material,12 May 2025,1364,"$1,121",9.0,7.1,Yes
PO1395, Ashoka Metals,NORTH,Packaging,12 Nov 2023,394,$ 131,16.0,4.86,No
PO1213,Meridian Exports,West,Components,01 Jun 2023,1735,"$2,461",24.0,7.87,Yes
PO1717,BharatParts,North,Packaging,2025/07/09,1825,"$1,025",60.0,6.95,No
PO1967,TamilCast,West,Components,2023/04/28,1416,$ 780,8.0,0.27,Yes
PO1367,TamilCast,East,Components,01 Aug 2023,1366,"$2,059",5.0,1.69,No
PO1166,Sunfield Industries,SOUTH,Consumables,2025/10/15,1341,"$2,296",2.0,3.13,Yes
PO1788,Ashoka Metals,South ,Raw Material,04 Aug 2024,1375,"$3,707",14.0,0.56,No
PO1797,TamilCast,East ,Consumables,13 Mar 2025,1182,"$1,679",21.0,3.27,Yes
PO1136,BharatParts,south,Consumables,2024/12/27,1226,$ 471,10.0,0.39,Yes
PO1754,Meridian Exports,north,Packaging,03-03-2025,444,"$3,713",19.0,7.22,No
PO1920,GlobalSupply Co,East,Consumables,23 Apr 2025,1104,"$2,136",16.0,5.08,No
PO1225,Ashoka Metals,south,Consumables,12-03-2024,559,"$2,770",22.0,1.86,No
PO1184,NovaPack,EAST,Packaging,14-08-2025,245,"$1,401",19.0,2.36,Yes
PO1312,Meridian Exports,SOUTH,Consumables,04 Apr 2025,1060,$ 750,3.0,2.11,Yes
PO1396,BharatParts,west,Packaging,2025/06/18,759,$ 343,16.0,5.37,No
PO1096,GlobalSupply Co,North ,Packaging,13-08-2025,331,"$2,574",15.0,7.63,Yes
PO1765,GlobalSupply Co ,west,Consumables,03 Dec 2023,1443,"$2,325",12.0,4.65,Yes
PO1212,Zenith Traders,east,Consumables,27 Mar 2023,381,"$2,546",11.0,2.73,No
PO1984, Ashoka Metals,West,Consumables,2024/05/17,1333,$ 230,24.0,4.81,No
PO1857,Zenith Traders ,South ,Consumables,28-01-2024,333,"$1,068",4.0,5.8,Yes
PO1376,Zenith Traders,South ,Packaging,22-06-2023,1774,$130,14.0,7.04,Yes
PO1606,NovaPack ,East ,Consumables,2023/06/15,1277,"$1,478",22.0,0.59,Yes
PO1684, BharatParts,South,Raw Material,2024/11/24,1554,"$2,215",15.0,1.72,No
PO1481,TamilCast,West,Components,2025/04/25,547,$ 474,13.0,3.96,Yes
PO1863,Zenith Traders,west,Consumables,2024/03/20,1395,"$2,839",18.0,6.4,Yes
PO1297,GlobalSupply Co,West,Components,04 Apr 2024,1399,"$2,969",5.0,4.79,Yes
PO1301,NovaPack ,North ,Consumables,2025/05/15,765,"$1,110",12.0,1.43,No
PO1346,BharatParts ,west,Consumables,25-02-2024,1331,"$2,710",20.0,0.23,No
PO1668,Zenith Traders,north,Components,03 Jun 2024,1663,"$1,744",20.0,5.77,Yes
PO1990,Meridian Exports,SOUTH,Components,04 Oct 2025,189,"$1,932",17.0,2.37,No
PO1466,NovaPack ,North,Consumables,15 Dec 2023,1550,$ 53,19.0,0.8,No
PO1617,Ashoka Metals,South ,Components,24-03-2023,1235,"$2,883",2.0,4.19,Yes
PO1054,BharatParts,North,Components,28 Sep 2024,764,$ 996,10.0,1.83,Yes
PO1780,Sunfield Industries,west,Packaging,03-06-2024,1113,"$2,457",5.0,1.81,Yes
PO1421,Ashoka Metals,EAST,Packaging,21-05-2024,86,"$3,829",22.0,3.9,Yes
PO1049,GlobalSupply Co,East ,Consumables,05-07-2024,1492,"$2,967",3.0,7.39,Yes
PO1446,TamilCast,NORTH,Consumables,27 Oct 2024,341,"$2,539",10.0,4.49,No
PO1722,Ashoka Metals,West,Components,14 Apr 2024,1311,$409,18.0,3.48,Yes
PO1941,GlobalSupply Co ,north,Components,2025/07/22,1308,"$3,910",10.0,2.7,Yes
PO1385,Sunfield Industries,east,Consumables,20-05-2024,1925,"$3,414",19.0,,No
PO1851,TamilCast,WEST,Components,2024/09/21,823,"$1,936",14.0,5.66,Yes
PO1871,NovaPack,East,Components,19 Oct 2025,426,$ 80,19.0,7.4,No
PO1074,GlobalSupply Co ,East ,Raw Material,2024/05/22,691,$ 667,22.0,7.4,No
PO1308,Ashoka Metals,EAST,Raw Material,14-04-2023,1066,$ 636,22.0,1.74,Yes
PO1313,Zenith Traders ,North,Raw Material,21 Jul 2024,770,$ 517,3.0,7.34,Yes
PO1272, NovaPack,south,Packaging,27 Jun 2024,1366,$352,11.0,5.24,Yes
PO1577,Zenith Traders,South ,Packaging,06 Jan 2023,1261,"$3,437",2.0,7.51,Yes
PO1541, TamilCast,east,Components,02-01-2025,849,"$1,766",16.0,4.12,Yes
PO1008,Sunfield Industries ,east,Packaging,2023/01/27,329,"$2,976",4.0,3.46,Yes
PO1949,Zenith Traders,North ,Consumables,2023/02/11,1101,"$3,877",14.0,1.44,No
PO1469,GlobalSupply Co,South,Packaging,19 Apr 2025,485,"$3,949",7.0,4.12,Yes
PO1326,Sunfield Industries,North,Components,22-05-2025,1435,"$1,808",6.0,7.84,Yes
PO1917,BharatParts,South,Components,05 Jul 2023,658,"$3,700",3.0,0.77,Yes
PO1589,Ashoka Metals,South ,Components,2025/02/09,1552,"$2,472",12.0,5.32,Yes
PO1139,TamilCast,SOUTH,Raw Material,14-01-2024,369,"$1,788",2.0,7.29,Yes
PO1679,Zenith Traders,East ,Components,18 Aug 2023,511,"$1,779",14.0,5.46,Yes
PO1512, Sunfield Industries,West ,Raw Material,2023/11/26,479,"$3,728",18.0,4.66,Yes
PO1806,NovaPack,North,Raw Material,14 Jun 2023,1310,"$2,474",21.0,5.82,No
PO1279,Sunfield Industries,east,Raw Material,15 Mar 2023,855,$639,24.0,5.79,No
PO1384,GlobalSupply Co,north,Packaging,2023/06/01,791,"$1,433",11.0,,No
PO1766,TamilCast,East ,Components,20 May 2023,1477,"$2,877",15.0,3.52,No
PO1324,Ashoka Metals,north,Components,2024/10/16,119,"$2,775",3.0,7.88,Yes
PO1559,Sunfield Industries,East,Components,02 Feb 2023,1496,"$3,306",24.0,0.23,No
PO1775,Ashoka Metals,north,Raw Material,26-12-2024,823,$891,21.0,6.28,No
PO1745,BharatParts,West ,Raw Material,2023/06/20,588,"$3,257",5.0,6.24,Yes
PO1950,BharatParts,south,Consumables,20-09-2023,1550,"$3,316",11.0,3.92,No
PO1831,BharatParts,WEST,Consumables,23-03-2024,771,"$3,176",21.0,,No
PO1479,Ashoka Metals,SOUTH,Packaging,01-01-2023,1106,$ 304,16.0,0.84,Yes
PO1723,GlobalSupply Co,North,Components,16-02-2023,288,"$3,605",6.0,4.64,No
PO1695, BharatParts,WEST,Raw Material,02-08-2025,1230,"$2,096",22.0,,No
PO1923,Sunfield Industries,east,Components,2024/05/21,59,$ 37,24.0,3.19,Yes
PO1608,Ashoka Metals ,East,Components,2023/11/27,923,$366,21.0,0.47,No
PO1112, TamilCast,West,Raw Material,22 Dec 2025,1527,"$3,805",6.0,7.29,Yes
PO1680,Sunfield Industries,west,Components,17-04-2024,662,"$2,851",11.0,,Yes
PO1659,GlobalSupply Co,east,Consumables,16-06-2024,876,"$1,909",9.0,1.82,Yes
PO1355,Meridian Exports,West,Raw Material,01 Mar 2024,1048,"$3,729",23.0,0.48,No
PO1113,Zenith Traders,South ,Consumables,2025/05/19,623,$919,17.0,4.07,Yes
PO1636,GlobalSupply Co,North ,Raw Material,25-11-2025,195,"$1,026",25.0,2.51,No
PO1759,Zenith Traders,north,Packaging,2024/04/26,673,"$1,286",2.0,6.32,Yes
PO1417,Sunfield Industries,WEST,Packaging,22 Jul 2024,1828,$519,5.0,4.8,Yes
PO1725, TamilCast,east,Components,21 Jun 2024,365,$63,8.0,5.31,Yes
PO1331,GlobalSupply Co,south,Consumables,26-11-2023,1136,$435,7.0,0.03,Yes
PO1697,Meridian Exports,WEST,Raw Material,13-06-2023,1081,"$1,224",15.0,2.02,No
PO1569, Zenith Traders,South ,Packaging,2025/03/24,1002,$230,11.0,,No
PO1669,Sunfield Industries,east,Packaging,2025/10/23,1382,"$3,137",10.0,7.23,Yes
PO1250,Zenith Traders,South ,Components,04 Apr 2025,97,"$2,858",3.0,,Yes
PO1721,TamilCast,East,Consumables,17-01-2024,1493,"$1,994",9.0,6.06,Yes
PO1223,BharatParts,north,Consumables,28-08-2023,762,$ 268,19.0,7.42,Yes
PO1277,Sunfield Industries,WEST,Consumables,2024/07/09,1972,"$2,352",12.0,2.48,No
PO1812,TamilCast,NORTH,Packaging,06-07-2024,666,"$3,226",11.0,3.86,Yes
PO1523,BharatParts ,West ,Raw Material,18-08-2025,924,$937,12.0,1.92,Yes
PO1119, TamilCast,West,Packaging,2024/05/05,1971,"$1,648",12.0,5.01,No
PO1230, BharatParts,west,Raw Material,19-04-2024,1462,"$2,994",16.0,7.99,No
PO1740,GlobalSupply Co ,EAST,Components,2024/03/19,859,$ 697,22.0,6.09,No
PO1838,Sunfield Industries,South,Consumables,12-05-2025,265,"$1,931",2.0,0.8,Yes
PO1344,Zenith Traders,South ,Raw Material,20-05-2024,160,"$2,472",22.0,5.74,No
PO1622,Sunfield Industries,WEST,Packaging,10-06-2025,486,"$1,171",14.0,1.1,No
PO1375,BharatParts,south,Packaging,13 Sep 2023,900,"$3,760",5.0,4.48,Yes
PO1440,NovaPack,East,Components,09 Jan 2025,1201,"$3,881",3.0,5.33,Yes
PO1643,BharatParts ,EAST,Raw Material,2024/06/27,476,$824,4.0,1.97,Yes
PO1441,NovaPack,WEST,Raw Material,27-03-2025,264,"$2,947",4.0,5.85,Yes
PO1730,GlobalSupply Co,WEST,Packaging,23-12-2024,75,"$2,970",3.0,6.89,Yes
PO1127,Meridian Exports,North ,Raw Material,17-09-2024,1957,"$3,010",25.0,0.29,No
PO1423,TamilCast,north,Components,18-04-2023,453,"$3,643",17.0,4.4,Yes
PO1818, BharatParts,South,Consumables,2023/03/01,1926,"$2,291",12.0,3.22,No
PO1987,TamilCast,north,Components,08-01-2025,1599,"$3,184",24.0,3.29,No
PO1734, Ashoka Metals,south,Consumables,16-05-2024,310,"$1,506",24.0,5.24,Yes
PO1291,TamilCast,South ,Components,2024/01/25,85,"$1,757",22.0,2.74,No
PO1733,GlobalSupply Co ,WEST,Raw Material,2024/08/20,1749,"$2,924",3.0,7.67,Yes
PO1762,Ashoka Metals,EAST,Raw Material,11 Oct 2024,1671,$ 619,5.0,6.01,Yes
PO1758,Ashoka Metals,north,Components,2025/05/26,1492,"$1,209",23.0,6.3,No
PO1115,TamilCast,SOUTH,Packaging,2025/03/27,1651,"$3,521",5.0,7.32,Yes
PO1852,NovaPack,NORTH,Raw Material,21 Mar 2025,905,"$3,543",21.0,6.49,No
PO1584,Zenith Traders,north,Raw Material,2024/09/13,1569,"$2,734",9.0,1.52,Yes
PO1802,Zenith Traders,west,Raw Material,14-07-2024,1624,"$1,444",24.0,5.5,Yes
PO1222,BharatParts,West ,Consumables,15 Apr 2023,1070,"$2,533",2.0,,Yes
PO1248,Meridian Exports,EAST,Components,25-05-2024,1509,"$3,744",21.0,3.99,Yes
PO1651,Meridian Exports,NORTH,Raw Material,16 Aug 2024,1357,$85,7.0,2.67,Yes
PO1276,Sunfield Industries,west,Raw Material,2025/07/11,785,"$1,402",17.0,6.37,Yes
PO1310,NovaPack,EAST,Consumables,10 Dec 2025,680,"$3,160",12.0,1.84,Yes
PO1028,Sunfield Industries,EAST,Packaging,10 Jan 2024,1139,"$2,278",20.0,4.81,No
PO1979,Meridian Exports,SOUTH,Raw Material,19 Jun 2025,1028,"$2,643",10.0,2.94,Yes
PO1724,Zenith Traders,NORTH,Raw Material,02 Sep 2023,311,"$2,607",19.0,1.11,No
PO1160,BharatParts,South,Packaging,2024/05/25,1543,"$3,007",19.0,7.48,No
PO1580, GlobalSupply Co,West ,Consumables,2024/03/07,1563,"$3,377",5.0,0.16,No
PO1262,Sunfield Industries,SOUTH,Raw Material,2025/12/16,1017,"$1,326",13.0,2.9,Yes
PO1330,Meridian Exports,north,Raw Material,18 Jun 2023,1490,"$2,652",24.0,1.22,No
PO1229,BharatParts,west,Packaging,06-02-2024,232,"$2,210",13.0,7.67,Yes
PO1443, GlobalSupply Co,South,Raw Material,23-09-2024,472,"$3,628",10.0,5.57,Yes
PO1097,Zenith Traders,south,Packaging,08 May 2024,909,"$1,078",6.0,4.36,No
PO1449,GlobalSupply Co,South,Consumables,12-03-2024,226,"$1,944",20.0,6.72,No
PO1597, Zenith Traders,SOUTH,Components,17 Oct 2024,1533,$ 781,12.0,0.03,No
PO1782,Sunfield Industries,north,Consumables,2024/12/11,1862,$709,21.0,7.97,No
PO1270,NovaPack,West ,Components,12 Jul 2024,477,"$2,450",16.0,0.23,No
PO1953,BharatParts,West,Consumables,2024/06/21,128,$394,6.0,6.03,Yes
PO1081,TamilCast,north,Components,17 Jul 2025,1516,"$3,542",3.0,5.26,No
PO1275,GlobalSupply Co,EAST,Raw Material,28 Nov 2023,1453,$ 140,26.0,1.59,No
PO1318,BharatParts ,WEST,Components,10 Aug 2024,817,"$2,792",16.0,0.51,Yes
PO1227,GlobalSupply Co ,East ,Raw Material,13-10-2023,1716,$ 724,25.0,4.79,No
PO1493,Zenith Traders,SOUTH,Packaging,06-03-2025,999,"$3,767",11.0,7.42,Yes
PO1218,BharatParts,West,Raw Material,18 Feb 2023,1434,"$3,203",22.0,1.76,Yes
PO1186,Sunfield Industries ,NORTH,Components,05 Jan 2025,1615,"$1,009",11.0,7.03,Yes
PO1676,Zenith Traders,NORTH,Raw Material,27-02-2024,820,"$1,094",4.0,7.12,Yes
PO1165,GlobalSupply Co,North ,Consumables,12 Jul 2024,482,"$2,186",9.0,0.99,Yes
PO1402,Ashoka Metals,south,Packaging,26 Dec 2024,755,"$3,145",24.0,,No
PO1783,GlobalSupply Co,south,Packaging,18 Jul 2023,243,"$2,844",25.0,1.45,No
PO1529,Sunfield Industries,South,Packaging,2024/04/23,1266,"$3,500",3.0,3.84,Yes
PO1177,GlobalSupply Co,west,Consumables,12-07-2025,417,"$1,069",21.0,5.96,Yes
PO1007, Meridian Exports,East ,Components,2024/07/04,739,"$3,865",18.0,3.65,Yes
PO1505,NovaPack,South,Raw Material,12-06-2025,821,"$1,135",25.0,1.07,No
PO1962,Meridian Exports,EAST,Consumables,2024/12/22,629,"$2,054",6.0,4.88,No
PO1415, Sunfield Industries,South ,Components,2023/05/01,1963,$ 815,20.0,7.36,No
PO1596,Sunfield Industries,East ,Raw Material,15-10-2025,347,"$1,351",10.0,4.34,Yes
PO1768,Zenith Traders,east,Packaging,2024/12/04,1625,"$3,868",21.0,6.83,No
PO1924,TamilCast,EAST,Consumables,16-08-2024,205,$125,4.0,3.07,No
PO1383,Zenith Traders,EAST,Raw Material,26-07-2023,257,$686,4.0,6.71,Yes
PO1084,NovaPack,south,Consumables,2024/04/09,1425,"$3,438",19.0,4.06,Yes
PO1973,Zenith Traders,East ,Components,01-05-2025,1296,"$2,231",9.0,3.04,Yes
PO1427,GlobalSupply Co,NORTH,Raw Material,2025/03/16,517,"$2,229",24.0,2.4,No
PO1661,Meridian Exports,North,Packaging,06-12-2025,183,"$2,477",18.0,0.04,No
PO1306,TamilCast,south,Components,02-12-2024,324,"$2,128",6.0,,Yes
PO1458,TamilCast,West,Packaging,22 Jul 2024,822,"$1,163",20.0,7.84,Yes
PO1631,GlobalSupply Co,North ,Consumables,2025/04/22,585,"$2,091",14.0,2.95,No
PO1743,Meridian Exports,West,Components,08 Dec 2024,449,"$1,658",5.0,1.85,Yes
PO1132,Ashoka Metals,north,Raw Material,2023/07/20,807,"$2,328",13.0,5.95,No
PO1167,NovaPack,west,Packaging,27-04-2024,1220,"$3,714",13.0,5.41,No
PO1656,Sunfield Industries,West,Consumables,21-02-2025,499,$ 35,9.0,0.56,Yes
PO1047,Ashoka Metals,South,Raw Material,15-05-2024,870,"$3,477",5.0,2.84,Yes
PO1015,Meridian Exports,North ,Raw Material,10-05-2025,1099,"$1,054",22.0,4.11,No
PO1582, BharatParts,east,Consumables,2024/09/19,1094,"$3,930",21.0,4.05,Yes
PO1029,Meridian Exports,North ,Components,2025/09/12,1131,"$2,597",22.0,,Yes
PO1692,GlobalSupply Co,North ,Consumables,01-10-2025,187,$ 912,4.0,4.79,Yes
PO1579,TamilCast,East,Raw Material,21 May 2025,674,"$1,442",12.0,,Yes
PO1974,BharatParts,EAST,Raw Material,16-04-2023,824,$656,23.0,4.39,No
PO1239,GlobalSupply Co,South ,Consumables,17-09-2024,297,$ 642,21.0,6.68,No
PO1912,GlobalSupply Co,EAST,Consumables,07 Jan 2024,1733,"$3,006",21.0,5.79,No
PO1368,Ashoka Metals,West,Components,2024/07/28,1474,$ 51,25.0,6.33,No
PO1701,Zenith Traders,SOUTH,Raw Material,2024/09/03,761,"$3,795",14.0,4.95,Yes
PO1960,GlobalSupply Co,south,Raw Material,24 May 2024,568,$ 954,17.0,,Yes
PO1858,Zenith Traders,East ,Components,02-12-2025,99,"$3,193",19.0,7.26,No
PO1786,Meridian Exports,west,Components,06 Dec 2023,1733,"$3,705",6.0,0.76,Yes
PO1193,Zenith Traders,NORTH,Consumables,26 Jan 2024,1854,"$3,853",15.0,6.08,Yes
PO1280,BharatParts,South,Components,2024/01/16,515,$ 891,21.0,0.51,No
PO1840,Ashoka Metals,East ,Raw Material,2025/01/28,123,"$2,587",18.0,4.94,Yes
PO1909,BharatParts,east,Packaging,26 May 2024,1407,"$1,074",4.0,2.65,Yes
PO1611,NovaPack,NORTH,Packaging,02 Dec 2025,1139,"$1,171",23.0,6.99,Yes
PO1447,GlobalSupply Co,North ,Raw Material,22 Mar 2023,1522,$ 872,26.0,3.07,No
PO1266,TamilCast,WEST,Components,17 May 2024,1903,"$3,079",19.0,4.14,No
PO1246, GlobalSupply Co,South,Packaging,24-03-2024,251,$ 375,25.0,2.75,No
PO1217,Meridian Exports,South ,Packaging,2025/05/02,1716,"$3,073",8.0,2.31,Yes
PO1062, BharatParts,North,Consumables,2025/06/20,1382,"$2,321",19.0,4.64,Yes
PO1811,Zenith Traders,south,Raw Material,2025/04/13,162,$219,9.0,6.66,Yes
PO1365,BharatParts,East,Consumables,2025/03/03,555,"$3,023",12.0,3.53,No
PO1031,GlobalSupply Co,SOUTH,Consumables,19-11-2025,101,"$2,989",19.0,0.01,Yes
PO1129,Sunfield Industries,East,Consumables,2024/07/02,1275,"$3,915",4.0,1.1,Yes
PO1867,Meridian Exports,east,Packaging,17-03-2023,317,$ 232,12.0,4.89,Yes
PO1147,GlobalSupply Co,north,Consumables,2023/04/09,840,"$1,905",24.0,0.29,No
PO1915,Sunfield Industries,West,Components,02-07-2024,1011,"$2,922",22.0,6.57,No
PO1448,Sunfield Industries ,West,Consumables,18 May 2025,197,"$3,436",26.0,4.29,No
PO1155,Sunfield Industries ,West,Consumables,2024/08/27,220,"$1,008",23.0,4.2,No
PO1761,Zenith Traders,south,Components,27-06-2023,347,$ 541,18.0,6.34,Yes
PO1988,Ashoka Metals,WEST,Raw Material,2023/09/11,1180,"$3,768",8.0,1.34,Yes
PO1287,Zenith Traders,North,Raw Material,10-10-2025,548,"$2,936",14.0,5.09,Yes
PO1299,Ashoka Metals,north,Components,18-04-2024,129,"$3,528",24.0,7.54,No
PO1067,GlobalSupply Co ,North ,Raw Material,18-10-2023,78,"$1,414",6.0,3.47,Yes
PO1544,Meridian Exports,North,Packaging,27-11-2024,61,$411,5.0,5.26,Yes
PO1347,NovaPack,north,Consumables,2024/11/11,1516,$228,4.0,3.27,Yes
PO1091,Meridian Exports,west,Components,06-08-2024,1671,$ 198,17.0,3.27,Yes
PO1720,TamilCast,South,Raw Material,21 Oct 2024,170,$ 77,6.0,1.22,No
PO1964,BharatParts,SOUTH,Components,2024/09/02,111,"$2,563",7.0,1.61,Yes
PO1144,GlobalSupply Co,East ,Consumables,20 May 2025,1129,"$3,077",9.0,2.09,Yes
PO1050,Zenith Traders,SOUTH,Raw Material,2025/04/18,451,"$1,356",18.0,4.64,No
PO1437, Zenith Traders,south,Raw Material,03 Jun 2023,689,"$3,195",25.0,6.88,No
PO1070, Sunfield Industries,West ,Packaging,04 Jan 2023,678,"$3,179",14.0,1.06,Yes
PO1438,GlobalSupply Co,NORTH,Components,04 May 2023,220,"$1,646",22.0,1.77,No
PO1283,Zenith Traders,east,Consumables,2024/12/24,85,"$2,428",13.0,4.26,Yes
PO1922,Meridian Exports,South ,Packaging,12 Mar 2024,1483,"$3,736",11.0,3.65,No
PO1938,BharatParts,WEST,Consumables,14 Jul 2023,1313,$ 37,15.0,5.16,Yes
PO1315,Meridian Exports,South,Components,22 May 2023,1820,"$2,302",21.0,6.23,No
PO1311,Ashoka Metals ,SOUTH,Components,08-08-2024,454,"$1,204",23.0,6.88,No
PO1045,Sunfield Industries,South ,Components,2025/01/05,1573,"$2,298",26.0,2.84,No
PO1820,Sunfield Industries,WEST,Raw Material,05 May 2024,822,$896,19.0,0.65,No
PO1729,Sunfield Industries,West ,Components,2025/01/28,827,"$3,281",14.0,2.83,Yes
PO1174,Zenith Traders,NORTH,Packaging,10 Oct 2024,1466,$736,4.0,,Yes
PO1660,Meridian Exports,NORTH,Raw Material,2025/10/17,1580,$ 688,15.0,1.75,No
PO1429,Meridian Exports,SOUTH,Packaging,21 Apr 2025,474,"$3,179",5.0,2.04,Yes
PO1805, Zenith Traders,East ,Consumables,2023/05/25,1008,"$3,839",6.0,1.2,Yes
PO1793,TamilCast,west,Raw Material,06-05-2024,328,$879,22.0,2.98,Yes
PO1839,Zenith Traders,north,Components,25-02-2025,675,"$1,537",20.0,7.78,No
PO1143,Ashoka Metals,West,Packaging,09-11-2023,350,"$3,886",5.0,6.19,No
PO1260, TamilCast,South ,Consumables,2024/12/05,758,$ 926,15.0,7.17,Yes
PO1086,BharatParts,East ,Raw Material,23-03-2023,797,"$1,193",13.0,2.61,Yes
PO1254,TamilCast,west,Raw Material,2023/05/01,943,"$1,797",8.0,6.37,Yes
PO1021,TamilCast,East,Consumables,26 Jan 2024,177,"$1,561",19.0,3.95,Yes
PO1592,BharatParts,WEST,Components,24-04-2025,1134,"$1,854",11.0,6.49,No
PO1075, Ashoka Metals,west,Raw Material,16 Sep 2024,1466,"$1,578",5.0,2.25,Yes
PO1575,TamilCast,SOUTH,Components,15 Jun 2024,1080,"$1,593",18.0,2.14,No
PO1574,Zenith Traders ,WEST,Raw Material,2023/06/24,1423,"$2,163",8.0,1.13,Yes
PO1702,Ashoka Metals,North,Components,24-03-2023,1328,"$2,027",3.0,1.72,Yes
PO1490,TamilCast,SOUTH,Consumables,2023/05/03,970,"$3,744",22.0,5.35,No
PO1878,Sunfield Industries,East,Packaging,18-04-2025,1519,$ 880,6.0,7.91,Yes
PO1087,GlobalSupply Co,south,Consumables,11-07-2025,704,"$1,932",21.0,5.76,No
PO1373,BharatParts,south,Packaging,18-02-2024,484,$ 622,15.0,4.81,No
PO1201,Ashoka Metals,north,Consumables,2024/02/27,176,"$1,282",25.0,2.96,No
PO1268,Sunfield Industries,EAST,Consumables,14 Jul 2024,1101,"$2,700",15.0,4.81,No
PO1677,Ashoka Metals ,WEST,Components,19-03-2025,1767,$ 473,21.0,1.37,No
PO1419,GlobalSupply Co,West,Raw Material,2023/07/15,301,"$1,965",18.0,5.25,No
PO1933,Zenith Traders ,North,Components,13 Mar 2024,460,"$1,727",2.0,0.68,Yes
PO1671,Zenith Traders,East ,Components,03-04-2023,471,"$1,368",10.0,,Yes
PO1394, GlobalSupply Co,north,Raw Material,10-04-2023,82,"$1,570",26.0,0.22,No
PO1790,GlobalSupply Co,South ,Raw Material,08-07-2024,119,"$1,910",20.0,5.44,No
PO1017,Meridian Exports,NORTH,Consumables,09 Feb 2024,604,"$3,136",14.0,1.84,Yes
PO1989,TamilCast,EAST,Raw Material,13 Oct 2024,107,"$2,445",6.0,3.61,Yes
PO1117, Zenith Traders,North ,Components,23-05-2023,1033,"$1,312",14.0,0.23,Yes
PO1664, Zenith Traders,east,Raw Material,2024/10/07,95,$685,15.0,6.96,No
PO1305,TamilCast,North,Components,21 Jun 2024,1870,$478,16.0,0.94,Yes
PO1813,BharatParts ,NORTH,Consumables,19-02-2025,846,$460,14.0,7.04,Yes
PO1389,BharatParts,north,Packaging,15-01-2025,554,$ 633,23.0,7.14,No
PO1073,Zenith Traders,North ,Components,10-01-2024,418,"$3,913",12.0,3.56,Yes
PO1870,Ashoka Metals,West ,Raw Material,24-03-2023,1524,"$3,372",21.0,2.29,Yes
PO1882,Zenith Traders,SOUTH,Raw Material,2024/11/06,1293,"$1,141",10.0,0.64,Yes
PO1403,Ashoka Metals,west,Packaging,28-03-2025,1321,$908,13.0,0.05,No
PO1748,NovaPack,South,Raw Material,05-02-2025,820,"$2,033",5.0,5.32,Yes
PO1562,GlobalSupply Co,SOUTH,Components,21 Apr 2025,970,"$3,499",10.0,5.05,Yes
PO1796,BharatParts,East,Packaging,07-04-2023,694,"$2,366",8.0,4.29,Yes
PO1551,Ashoka Metals,NORTH,Raw Material,05-06-2023,1345,"$3,217",12.0,3.57,No
PO1706,TamilCast ,NORTH,Raw Material,18 Apr 2024,921,"$1,973",2.0,2.28,Yes
PO1773, Ashoka Metals,west,Raw Material,21-01-2024,1081,"$3,784",25.0,0.7,No
PO1146,TamilCast,South,Components,06-11-2023,1468,"$1,755",18.0,2.61,Yes
PO1420,BharatParts,NORTH,Raw Material,01-03-2024,497,"$1,759",23.0,7.62,Yes
PO1884,GlobalSupply Co,North,Packaging,21 Nov 2023,324,$455,25.0,4.78,Yes
PO1646,Zenith Traders,NORTH,Packaging,2025/02/12,457,"$3,328",13.0,3.29,Yes
PO1588, BharatParts,EAST,Packaging,05 Jan 2024,524,$ 546,13.0,,Yes
PO1517,TamilCast,west,Raw Material,18-05-2024,1421,"$3,163",10.0,1.27,Yes
PO1231,Ashoka Metals,NORTH,Consumables,07 Jul 2024,925,"$1,444",14.0,1.18,No
PO1219,Meridian Exports,SOUTH,Consumables,27-08-2023,1043,"$2,303",5.0,4.84,Yes
PO1873,Ashoka Metals,north,Raw Material,16-05-2025,1317,"$2,015",25.0,6.77,Yes
PO1570,TamilCast,south,Consumables,08-08-2025,1293,"$1,544",10.0,2.77,Yes
PO1190,GlobalSupply Co ,East,Components,08-03-2025,1537,"$3,821",6.0,6.4,Yes
PO1066,Ashoka Metals,north,Packaging,2024/09/12,1248,"$1,941",15.0,1.91,No
PO1508,TamilCast,South ,Packaging,15-02-2024,68,"$3,666",3.0,1.34,Yes
PO1256,TamilCast,South ,Components,2025/04/07,283,"$2,637",5.0,5.28,No
PO1583,NovaPack ,East ,Components,24-10-2025,1412,"$3,807",25.0,2.34,Yes
PO1176, Sunfield Industries,West ,Raw Material,23-03-2024,1970,"$2,998",18.0,5.88,Yes
PO1552,Ashoka Metals,West,Components,01-08-2025,1644,"$3,594",12.0,,Yes
PO1215,Meridian Exports,EAST,Consumables,2025/09/14,1292,"$1,684",7.0,0.78,No
PO1335,NovaPack,west,Components,28 Nov 2023,1580,"$1,278",21.0,1.44,No
PO1178,GlobalSupply Co,East ,Components,2025/04/27,803,"$3,170",5.0,0.98,Yes
PO1082,TamilCast,North,Consumables,11 Aug 2024,1474,"$1,434",4.0,3.45,Yes
PO1842,NovaPack,west,Raw Material,02 Jan 2024,994,"$2,418",14.0,4.63,Yes
PO1374,BharatParts,west,Components,14-11-2024,773,$ 96,18.0,6.8,No
PO1778,BharatParts,north,Packaging,2025/07/05,274,"$1,771",19.0,3.77,No
PO1253,Ashoka Metals,South ,Raw Material,06-04-2024,1080,"$2,356",24.0,0.16,No
PO1587,NovaPack,north,Components,06-11-2024,1257,$558,9.0,3.3,Yes
PO1862,Sunfield Industries,North ,Consumables,2024/12/04,874,"$1,630",16.0,4.3,No
PO1900,Meridian Exports,NORTH,Packaging,19-01-2024,462,"$1,653",9.0,7.4,Yes
PO1485,BharatParts,west,Packaging,2024/04/01,441,"$3,264",9.0,0.44,Yes
PO1236,Ashoka Metals,South,Raw Material,2024/02/18,771,"$2,874",3.0,2.77,Yes
PO1976,Meridian Exports ,NORTH,Raw Material,16 Jun 2024,1593,$ 843,7.0,5.26,No
PO1172, TamilCast,North ,Packaging,10 Apr 2025,1257,"$3,360",21.0,3.57,No
PO1020,TamilCast,East,Consumables,13 Aug 2024,723,"$1,286",13.0,6.94,Yes
PO1769,Zenith Traders ,South,Consumables,22-12-2024,317,"$2,929",11.0,2.01,Yes
PO1501,BharatParts,North ,Consumables,16 Nov 2024,1912,"$3,910",21.0,,No
PO1203,GlobalSupply Co,South,Raw Material,2023/10/20,599,"$3,184",25.0,3.3,No
PO1465,GlobalSupply Co,South ,Packaging,2023/03/26,1784,$595,8.0,4.11,Yes
PO1618,Meridian Exports,South,Components,17 Dec 2024,1308,$ 484,7.0,1.18,Yes
PO1889,TamilCast,north,Packaging,11-06-2024,1497,"$3,804",6.0,1.01,Yes
PO1442,GlobalSupply Co,WEST,Components,28-02-2025,960,"$3,286",10.0,7.46,Yes
PO1746,TamilCast,North ,Consumables,2023/04/20,270,"$2,953",3.0,6.16,Yes
PO1942,GlobalSupply Co ,South,Packaging,18 Nov 2024,1532,$620,3.0,1.53,Yes
PO1626,TamilCast,East,Packaging,18 Sep 2025,1407,"$3,533",20.0,2.11,No
PO1129,Sunfield Industries,East,Consumables,2024/07/02,1275,"$3,915",4.0,1.1,Yes
PO1708,Meridian Exports,west,Components,24-02-2024,906,"$3,692",15.0,4.83,Yes
PO1055,NovaPack ,West,Components,2023/01/14,959,$ 854,25.0,0.73,No
PO1502,BharatParts,East,Components,23 Feb 2024,1692,"$2,480",11.0,0.58,No
PO1338,Ashoka Metals,West,Components,2024/06/26,1369,"$1,786",7.0,3.65,Yes
PO1245,NovaPack,SOUTH,Packaging,14 May 2024,1166,$ 351,21.0,6.15,No
PO1378,Ashoka Metals,south,Consumables,25 Apr 2023,931,"$1,106",17.0,3.23,No
PO1982, BharatParts,East,Components,02-10-2025,360,$ 836,8.0,,Yes
PO1036,GlobalSupply Co ,South ,Consumables,18-07-2024,1806,"$1,441",24.0,0.22,Yes
PO1682,Sunfield Industries ,EAST,Raw Material,2024/09/16,1011,"$1,908",4.0,2.72,Yes
PO1536,TamilCast,South ,Consumables,04 Dec 2024,1664,"$3,299",4.0,5.94,Yes
PO1491,Meridian Exports,East,Packaging,24-08-2024,1019,"$1,152",23.0,4.69,Yes
PO1464,TamilCast,west,Consumables,2024/01/16,1368,$484,21.0,4.89,Yes
PO1412,BharatParts,North,Packaging,15 Sep 2025,410,$ 776,6.0,0.76,Yes
PO1519,Zenith Traders,West,Consumables,15 Jan 2024,1975,$676,11.0,2.68,Yes
PO1294,Zenith Traders,East,Components,08 Dec 2024,161,"$1,292",6.0,3.19,Yes
PO1894, TamilCast,South,Packaging,11-01-2023,1274,"$3,946",8.0,1.08,Yes
PO1085,NovaPack,South,Components,13-09-2024,450,"$3,185",22.0,5.0,No
PO1507,NovaPack,SOUTH,Components,2024/07/16,622,$754,11.0,0.49,Yes
PO1690,Meridian Exports ,west,Components,2024/03/03,415,$943,24.0,7.84,No
PO1284,Meridian Exports,south,Packaging,28-10-2023,769,"$3,862",15.0,7.65,No
PO1810,Ashoka Metals,East ,Components,2025/03/08,297,$129,20.0,2.92,Yes
PO1807, Sunfield Industries,WEST,Raw Material,03-03-2024,1714,$720,16.0,2.08,No
PO1101,GlobalSupply Co,SOUTH,Consumables,08 May 2024,301,"$2,306",11.0,4.18,Yes
PO1736,NovaPack,NORTH,Raw Material,2023/11/19,203,$ 651,19.0,3.43,No
PO1322,NovaPack,west,Raw Material,11-04-2023,275,$267,8.0,7.66,Yes
PO1432, Meridian Exports,west,Components,28-06-2025,1325,"$3,045",11.0,5.66,Yes
PO1597, Zenith Traders,SOUTH,Components,17 Oct 2024,1533,$ 781,12.0,0.03,No
PO1468,Sunfield Industries ,WEST,Packaging,2024/08/04,969,"$3,378",22.0,2.58,No
PO1340,NovaPack,east,Consumables,2024/06/07,1798,"$3,791",22.0,,No
PO1051, Meridian Exports,East,Components,14-05-2024,1568,$ 407,17.0,4.39,Yes
PO1210,GlobalSupply Co,WEST,Consumables,28-12-2023,452,$ 675,10.0,,Yes
PO1913,BharatParts,east,Components,2025/08/26,1242,"$3,757",20.0,0.65,No
PO1251,Sunfield Industries,North ,Consumables,2024/10/22,627,"$1,045",5.0,7.07,Yes
PO1168,GlobalSupply Co,WEST,Packaging,09 Apr 2023,1902,"$1,675",10.0,2.99,No
PO1898,Ashoka Metals,North,Consumables,23 Sep 2025,471,"$2,032",14.0,5.3,No
PO1393,TamilCast,South ,Raw Material,2024/12/24,766,"$3,554",12.0,0.21,No
PO1134,TamilCast ,West ,Consumables,26 Mar 2024,644,"$3,918",15.0,,No
PO1817,Zenith Traders,SOUTH,Consumables,2024/04/05,410,"$2,595",24.0,2.39,Yes
PO1843,BharatParts,North ,Raw Material,22 Feb 2025,1125,"$2,535",11.0,4.29,No
PO1609,Ashoka Metals ,East,Packaging,03-03-2024,1182,"$3,940",12.0,6.45,No
PO1710,Meridian Exports,South,Components,10 Feb 2023,141,$919,5.0,2.39,Yes
PO1002,NovaPack,EAST,Components,26-03-2025,972,$ 377,21.0,2.61,No
PO1789, NovaPack,NORTH,Consumables,10-07-2023,334,$222,23.0,3.61,No
PO1006,TamilCast,East ,Raw Material,2024/10/16,1810,$259,20.0,3.62,No
PO1111,Sunfield Industries,SOUTH,Consumables,27 Jan 2024,794,"$2,316",13.0,5.19,No
PO1742,BharatParts ,West,Packaging,23 Jun 2024,263,"$1,565",8.0,6.9,Yes
PO1199,BharatParts ,West,Consumables,20 Jan 2024,1429,$ 539,14.0,6.06,Yes
PO1681,Meridian Exports,SOUTH,Consumables,28-01-2025,444,"$2,145",15.0,1.33,No
PO1414, Zenith Traders,West,Raw Material,24 Nov 2023,1799,"$3,836",12.0,4.56,Yes
PO1665,NovaPack ,East ,Raw Material,26-08-2025,1801,$442,12.0,0.3,Yes
PO1977, Zenith Traders,North,Components,27-12-2023,1959,"$1,681",3.0,7.69,Yes
PO1079,Ashoka Metals,East,Components,2023/03/18,1579,"$1,253",18.0,2.06,Yes
PO1175,GlobalSupply Co,EAST,Packaging,02 Sep 2024,1541,"$2,387",6.0,1.94,Yes
PO1841,NovaPack,North ,Packaging,04-02-2025,1061,"$1,897",20.0,0.59,No
PO1663,NovaPack,East ,Raw Material,2023/02/10,1835,"$3,713",4.0,2.74,Yes
PO1048,Meridian Exports,south,Components,06 Nov 2025,1501,"$2,172",22.0,6.14,No
PO1392,Zenith Traders,NORTH,Components,05 Sep 2024,1337,"$2,307",5.0,7.64,No
PO1035,Sunfield Industries,north,Raw Material,04 Aug 2023,1863,$ 627,25.0,1.94,Yes
PO1573,Ashoka Metals,east,Raw Material,28 Nov 2025,377,$274,13.0,3.15,Yes
PO1565,GlobalSupply Co,east,Raw Material,2023/07/07,1491,"$3,383",9.0,0.49,Yes
PO1826,Zenith Traders,EAST,Consumables,2024/08/22,1850,"$3,127",20.0,0.75,No
PO1700,NovaPack,North ,Components,07-11-2024,1028,"$3,889",23.0,6.88,No
PO1024,Ashoka Metals,west,Consumables,13 Oct 2025,885,"$3,750",21.0,3.85,Yes
PO1895,Sunfield Industries ,East ,Consumables,08-06-2025,595,"$2,611",9.0,5.42,Yes
PO1694,Meridian Exports,North ,Packaging,26-08-2024,165,"$1,414",25.0,4.99,No
PO1263,Zenith Traders,East,Components,05 Oct 2024,1317,"$2,404",16.0,1.69,Yes
PO1022,Zenith Traders,south,Components,18 Jan 2023,964,"$3,232",7.0,4.12,Yes
PO1615,TamilCast,North ,Consumables,21-02-2024,742,"$3,012",26.0,0.89,No
PO1672,BharatParts,South,Packaging,16-07-2025,1307,"$2,991",5.0,6.14,Yes
PO1181,Zenith Traders,East ,Consumables,15 Nov 2023,190,$ 977,18.0,,Yes
PO1068, Meridian Exports,west,Raw Material,21-02-2025,1734,$41,21.0,6.5,No
PO1764,Zenith Traders,EAST,Raw Material,07-05-2023,1733,"$2,520",18.0,2.53,Yes
PO1737,Sunfield Industries,East,Components,2024/03/02,1686,$ 400,4.0,7.25,Yes
PO1798,NovaPack,West,Components,2024/07/25,1637,"$1,376",60.0,7.95,No
PO1187,Zenith Traders,west,Consumables,2024/09/26,987,"$3,412",6.0,3.56,Yes
PO1140, Zenith Traders,west,Consumables,2024/07/27,656,$664,25.0,6.06,No
PO1339,Meridian Exports,SOUTH,Packaging,2024/01/06,191,"$3,833",22.0,3.88,Yes
PO1772,GlobalSupply Co,North,Components,28 Nov 2024,682,"$3,375",15.0,,Yes
PO1030,Sunfield Industries,West ,Consumables,2025/10/25,952,"$1,258",21.0,1.71,No
PO1398, Ashoka Metals,West,Raw Material,18-05-2024,995,$ 997,5.0,,Yes
PO1221,GlobalSupply Co,West ,Components,2023/11/23,1478,$39,9.0,1.09,No
PO1426,NovaPack,SOUTH,Raw Material,2023/10/19,1367,"$1,338",4.0,1.58,Yes
PO1454,Ashoka Metals,East ,Raw Material,2025/02/15,307,"$2,982",10.0,4.67,Yes
PO1418,Meridian Exports,West,Consumables,2023/02/19,1656,"$3,108",7.0,6.98,Yes
PO1937,NovaPack ,South,Packaging,2025/02/07,183,"$1,839",7.0,7.82,Yes
PO1059,Ashoka Metals ,NORTH,Packaging,10 Jan 2024,1773,$ 829,2.0,4.15,Yes
PO1039,Sunfield Industries,East ,Consumables,14 Dec 2025,1014,"$1,753",24.0,6.56,Yes
PO1504,Zenith Traders,EAST,Components,15 Aug 2024,1338,"$2,813",16.0,7.19,Yes
PO1354,NovaPack,WEST,Consumables,2025/01/20,957,"$2,820",9.0,0.07,Yes
PO1738,TamilCast,south,Raw Material,2023/12/20,401,$ 855,3.0,6.12,Yes
PO1804,Zenith Traders,West ,Consumables,2024/10/14,1467,$ 120,5.0,4.28,Yes
PO1424, TamilCast,NORTH,Components,2024/05/20,1146,"$2,402",14.0,5.42,Yes
PO1951,GlobalSupply Co,EAST,Components,11 Dec 2024,1801,"$2,851",25.0,0.97,No
PO1390, NovaPack,South,Consumables,2024/08/28,1089,$ 172,9.0,4.49,No
PO1640,Zenith Traders,West ,Packaging,12 Feb 2025,1530,"$3,552",23.0,7.97,Yes
PO1854,Zenith Traders,NORTH,Components,03 Jul 2024,1742,$ 931,8.0,3.81,Yes
PO1704,NovaPack,East,Consumables,2024/04/11,131,"$1,733",14.0,2.6,Yes
PO1877,Zenith Traders,EAST,Packaging,23 Dec 2024,103,"$1,115",16.0,1.83,Yes
PO1896,TamilCast,north,Components,20-10-2023,244,"$2,535",21.0,4.76,No
PO1965, Ashoka Metals,SOUTH,Packaging,21-07-2023,1004,"$2,077",11.0,,No
PO1298,Sunfield Industries,north,Consumables,04-06-2023,1281,"$1,947",15.0,5.17,No
PO1100,Zenith Traders ,north,Raw Material,23-02-2024,700,$657,23.0,2.14,Yes
PO1547,NovaPack,East,Packaging,15-05-2024,1015,$559,11.0,3.38,No
PO1846,GlobalSupply Co,EAST,Consumables,2024/05/22,561,"$2,183",6.0,6.1,Yes
PO1707,Sunfield Industries,South,Components,19-02-2023,596,"$3,840",14.0,3.24,No
PO1025,BharatParts,east,Packaging,2024/06/21,653,"$3,308",14.0,1.22,Yes
PO1890,Meridian Exports,South,Consumables,01 Jun 2024,1219,"$3,591",18.0,0.66,Yes
PO1192,NovaPack,North ,Packaging,24-07-2025,1647,$241,13.0,4.31,Yes
PO1255,Meridian Exports,SOUTH,Packaging,20-08-2023,1172,"$1,661",6.0,0.33,Yes
PO1286, Sunfield Industries,west,Consumables,27 Feb 2023,1755,$ 387,17.0,1.84,Yes
PO1905,Sunfield Industries ,South ,Consumables,01-07-2024,585,"$3,877",22.0,4.99,Yes
PO1916,BharatParts,East,Packaging,16 May 2025,1478,$496,23.0,5.97,Yes
PO1171,GlobalSupply Co,WEST,Components,27 Sep 2023,1897,"$3,670",22.0,4.15,Yes
PO1295,TamilCast,NORTH,Components,2023/12/10,1923,$970,14.0,,Yes
PO1599,NovaPack,south,Raw Material,21-08-2024,1437,$63,23.0,6.36,Yes
PO1237,BharatParts,NORTH,Raw Material,2024/12/16,757,"$2,129",20.0,3.86,No
PO1971,BharatParts,west,Consumables,08-02-2024,1349,"$1,891",25.0,6.17,Yes
PO1065, Meridian Exports,East,Components,2025/05/07,426,"$3,615",16.0,4.23,No
PO1259,TamilCast,north,Components,02 Nov 2025,1938,"$1,677",15.0,3.26,Yes
PO1348,Meridian Exports,North ,Raw Material,2023/06/08,1297,"$1,714",14.0,3.73,No
PO1321,Meridian Exports,SOUTH,Packaging,11 Sep 2025,1591,"$2,586",7.0,2.06,Yes
PO1755,BharatParts,SOUTH,Components,10 Jul 2023,196,$913,17.0,5.5,Yes
PO1095,TamilCast,South,Raw Material,04-09-2023,335,"$1,195",14.0,2.39,No
PO1824,Zenith Traders,north,Packaging,01 Jun 2024,1089,"$1,163",21.0,7.1,No
PO1527,Meridian Exports,West ,Packaging,26 Mar 2024,1798,"$3,137",4.0,2.33,Yes
PO1560,Sunfield Industries,east,Packaging,12-08-2025,1462,"$2,427",24.0,2.46,No
PO1269,Sunfield Industries,South ,Consumables,07 Mar 2023,402,"$2,217",8.0,2.71,Yes
PO1963,Zenith Traders,North ,Components,2024/08/26,1090,"$3,152",16.0,3.34,Yes
PO1480,NovaPack,East ,Components,28-10-2023,218,"$1,113",15.0,3.41,No
PO1739,Sunfield Industries,West ,Components,07 Mar 2024,991,"$2,750",21.0,,No
PO1925,Zenith Traders,SOUTH,Components,19-08-2024,1690,"$3,878",8.0,5.71,Yes
PO1273,NovaPack,SOUTH,Raw Material,18-07-2025,1494,$800,24.0,1.69,No
PO1886,Zenith Traders,EAST,Raw Material,15-11-2024,1942,"$3,855",21.0,4.38,No
PO1794,Zenith Traders,south,Raw Material,27-05-2024,1101,"$2,364",22.0,0.69,No
PO1538,NovaPack,WEST,Consumables,20-06-2023,1767,"$1,946",16.0,1.0,No
PO1371,Zenith Traders,South ,Components,19-11-2023,186,"$1,652",6.0,1.18,Yes
PO1450,Meridian Exports ,North ,Components,03-11-2024,1588,$ 428,15.0,2.11,Yes
PO1109,GlobalSupply Co,east,Components,11 Nov 2024,1747,"$3,520",9.0,0.45,Yes
PO1642, TamilCast,South ,Raw Material,10 May 2025,1725,"$1,112",7.0,6.26,No
PO1851,TamilCast,WEST,Components,2024/09/21,823,"$1,936",14.0,5.66,Yes
PO1678,TamilCast,South ,Consumables,12-02-2025,112,$975,6.0,5.86,No
PO1686,TamilCast,east,Components,27-07-2024,1820,"$2,412",6.0,4.47,Yes
PO1185,Meridian Exports,South ,Raw Material,2024/05/13,1716,"$3,409",4.0,,No
PO1090,Meridian Exports,east,Consumables,04 Dec 2024,1945,"$2,894",9.0,3.03,Yes
PO1105,Zenith Traders,EAST,Raw Material,2024/07/27,347,"$2,529",3.0,5.95,Yes
PO1370,Ashoka Metals ,north,Packaging,08 Jul 2024,1288,"$3,338",10.0,1.4,Yes
PO1657, GlobalSupply Co,EAST,Packaging,03 May 2025,1006,$118,6.0,2.64,Yes
PO1247,Sunfield Industries ,NORTH,Components,25-04-2024,520,"$1,159",6.0,7.01,Yes
PO1673,GlobalSupply Co,West,Components,06 Sep 2023,876,"$3,521",19.0,0.33,No
PO1601,TamilCast,North ,Raw Material,2023/05/09,1137,$ 552,4.0,7.76,Yes
PO1727,Ashoka Metals,WEST,Components,2024/11/11,246,$ 954,21.0,0.93,No
PO1098, TamilCast,EAST,Consumables,2025/04/18,152,"$1,702",26.0,1.54,No
PO1019,NovaPack,WEST,Components,2025/02/23,192,"$3,258",3.0,0.08,Yes
PO1828,TamilCast,West ,Raw Material,2025/09/06,1829,$750,18.0,3.8,Yes
PO1703,Ashoka Metals,North ,Consumables,09 Dec 2024,123,"$2,874",16.0,,Yes
PO1103,NovaPack,EAST,Raw Material,21 Nov 2025,294,"$1,690",26.0,1.35,No
PO1457,NovaPack,south,Consumables,24-06-2024,243,"$3,905",5.0,3.42,Yes
PO1200, NovaPack,west,Consumables,2025/09/24,437,"$2,020",15.0,0.73,No
PO1542,Ashoka Metals,NORTH,Raw Material,08-09-2023,1473,"$2,739",12.0,4.73,Yes
PO1921,BharatParts,East ,Raw Material,2024/08/16,630,"$2,024",22.0,3.47,Yes
PO1533, GlobalSupply Co,north,Consumables,13-12-2025,364,"$3,151",22.0,,No
PO1271,BharatParts,south,Packaging,08 Sep 2024,739,"$3,494",3.0,0.09,Yes
PO1771,Ashoka Metals ,North,Components,11 Feb 2025,120,"$1,428",18.0,6.96,Yes
PO1750,Zenith Traders,WEST,Packaging,20-01-2024,435,"$2,596",6.0,2.35,No
PO1548,BharatParts,north,Raw Material,03-12-2024,520,"$3,528",10.0,1.82,Yes
PO1484,TamilCast,East,Consumables,2024/09/18,1329,"$2,536",12.0,3.44,Yes
PO1145,TamilCast,East ,Components,25-12-2025,1503,"$1,961",25.0,6.23,No
PO1416,BharatParts,South ,Raw Material,10-02-2024,623,"$1,256",7.0,7.51,No
PO1046,Sunfield Industries,West,Raw Material,04 May 2024,773,"$1,391",13.0,6.86,No
PO1600,BharatParts,South ,Raw Material,14 Aug 2023,1116,"$1,724",25.0,6.42,No
PO1381,TamilCast,south,Packaging,01-04-2025,1711,"$3,009",20.0,1.03,Yes
PO1792,NovaPack,South,Packaging,2023/07/12,954,"$2,778",11.0,6.83,No
PO1353,NovaPack,west,Components,09 Apr 2024,877,"$2,758",9.0,2.6,Yes
PO1855,NovaPack,WEST,Packaging,05-07-2024,1816,"$2,253",15.0,3.34,No
PO1612,Meridian Exports,West ,Consumables,2024/04/10,1594,"$3,229",21.0,7.27,No
PO1954,Meridian Exports,west,Consumables,18-01-2024,898,"$2,341",16.0,4.54,Yes
PO1774,Zenith Traders,EAST,Raw Material,07-12-2024,136,"$1,814",14.0,2.67,Yes
PO1356,GlobalSupply Co,north,Raw Material,2024/11/04,229,"$1,283",19.0,0.24,No
PO1296,GlobalSupply Co,EAST,Consumables,02-10-2025,1316,"$2,855",13.0,3.77,Yes
PO1305,TamilCast,North,Components,21 Jun 2024,1870,$478,16.0,0.94,Yes
PO1452,BharatParts,NORTH,Components,2025/06/13,534,"$2,884",9.0,7.41,Yes
PO1492,NovaPack,East,Packaging,27-10-2024,1836,"$3,537",4.0,4.2,Yes
PO1456,Zenith Traders,south,Consumables,07-08-2023,326,"$1,121",14.0,1.68,Yes
PO1328,TamilCast,NORTH,Components,05 Aug 2025,1454,"$2,378",17.0,7.91,Yes
PO1564,NovaPack,West ,Components,26-06-2024,1352,"$3,003",4.0,1.8,Yes
PO1899,NovaPack,East,Packaging,13 Feb 2024,1733,$117,6.0,,Yes
PO1475,Sunfield Industries ,north,Raw Material,04 Mar 2024,1310,"$1,622",14.0,7.38,Yes
PO1966,TamilCast,south,Packaging,2023/10/28,1267,$991,11.0,0.78,No
PO1290, TamilCast,south,Consumables,2025/06/15,1596,"$2,658",21.0,7.83,No
PO1639,Meridian Exports,north,Consumables,12 Feb 2025,1135,"$2,169",11.0,3.61,Yes
PO1620, NovaPack,North,Raw Material,25-09-2024,1782,"$3,239",60.0,7.55,No
PO1550,NovaPack,EAST,Components,26 Feb 2024,50,"$1,573",25.0,0.16,No
PO1732,GlobalSupply Co,NORTH,Packaging,28 Jun 2024,1731,$ 138,19.0,0.96,No
PO1808,GlobalSupply Co,West,Components,2023/07/22,1187,"$2,707",7.0,,Yes
PO1689,Ashoka Metals,West ,Packaging,01 Dec 2024,584,$659,14.0,1.58,Yes
PO1407,Zenith Traders,North ,Consumables,2024/09/23,673,$ 178,23.0,4.59,No
PO1152,Sunfield Industries,east,Raw Material,19 Jan 2023,625,$ 787,18.0,1.52,Yes
PO1751,Sunfield Industries,WEST,Consumables,02-10-2024,1829,"$2,306",21.0,1.7,No
PO1100,Zenith Traders ,north,Raw Material,23-02-2024,700,$657,23.0,2.14,Yes
PO1314,GlobalSupply Co,NORTH,Consumables,12-05-2025,1517,$634,19.0,6.67,Yes
PO1848,Sunfield Industries,West ,Components,28 Oct 2024,1438,"$2,738",24.0,2.17,No
PO1121,Sunfield Industries ,West,Packaging,2024/05/23,97,$637,11.0,0.57,No
PO1685,Zenith Traders,EAST,Raw Material,27-11-2023,1621,"$3,937",11.0,3.32,No
PO1302,Zenith Traders,east,Packaging,22 Jan 2025,416,"$1,668",8.0,5.7,Yes
PO1077,GlobalSupply Co,NORTH,Packaging,22 Feb 2024,169,"$3,707",18.0,3.68,Yes
PO1946, GlobalSupply Co,north,Packaging,07 Feb 2024,278,$612,25.0,5.53,Yes
PO1786,Meridian Exports,west,Components,06 Dec 2023,1733,"$3,705",6.0,0.76,Yes
PO1633, Meridian Exports,EAST,Consumables,25-08-2024,1057,"$3,118",15.0,1.11,No
PO1040,Sunfield Industries ,north,Packaging,2024/12/09,143,"$1,064",14.0,2.43,Yes
PO1911,Meridian Exports,SOUTH,Raw Material,10 May 2024,1941,"$1,019",10.0,2.16,Yes
PO1425,Meridian Exports,South,Packaging,25-01-2024,1932,$ 328,10.0,5.82,Yes
PO1217,Meridian Exports,South ,Packaging,2025/05/02,1716,"$3,073",8.0,2.31,Yes
PO1741,NovaPack ,NORTH,Components,18 Dec 2024,555,"$3,074",16.0,1.73,Yes
PO1470,Sunfield Industries,WEST,Components,23-01-2023,890,"$2,025",20.0,,Yes
PO1520,Zenith Traders,South,Consumables,2023/02/17,1691,"$3,386",16.0,4.83,Yes
PO1604,Ashoka Metals ,SOUTH,Packaging,2024/08/22,390,"$3,942",17.0,4.12,Yes
PO1658,Zenith Traders ,south,Components,2025/09/16,1038,"$3,169",16.0,5.75,Yes
PO1770,GlobalSupply Co,North ,Packaging,17-08-2025,1149,"$2,516",20.0,4.56,Yes
PO1173,GlobalSupply Co,North ,Raw Material,23-11-2025,1977,"$3,430",5.0,0.3,Yes
PO1576,Sunfield Industries ,South,Consumables,20-09-2025,1415,"$1,185",15.0,1.7,No
PO1214, Ashoka Metals,west,Components,2023/05/15,443,$388,18.0,7.99,No
PO1605,Meridian Exports,East,Packaging,09 Feb 2025,562,"$3,340",24.0,6.85,No
PO1815,Ashoka Metals,East,Components,2025/01/06,707,"$1,053",15.0,7.55,No
PO1495,TamilCast,NORTH,Consumables,10 Mar 2024,1141,"$3,361",7.0,4.08,No
PO1568,Zenith Traders,West ,Components,2025/07/27,284,$304,13.0,5.9,Yes
PO1956,GlobalSupply Co,North ,Raw Material,26 Mar 2023,333,"$1,176",12.0,5.64,Yes
PO1476,Sunfield Industries,South ,Packaging,26 Apr 2024,158,"$1,710",7.0,5.77,Yes
PO1803,Zenith Traders,South ,Packaging,02 Oct 2025,1662,$ 757,24.0,0.18,Yes
PO1624,NovaPack,West,Components,26-05-2023,721,"$3,815",6.0,0.38,Yes
PO1952,Zenith Traders,North ,Consumables,25-02-2024,769,"$1,676",6.0,6.33,Yes
PO1711,GlobalSupply Co,East,Raw Material,13-10-2025,606,"$2,456",5.0,6.08,Yes
PO1634,Zenith Traders,North ,Components,21-07-2024,1676,$47,22.0,0.9,Yes
PO1880,Sunfield Industries,WEST,Raw Material,2024/08/04,1315,"$2,966",16.0,0.46,No
PO1467,Ashoka Metals,north,Packaging,05 Jun 2024,237,"$1,804",8.0,5.16,No
PO1359,NovaPack,North ,Packaging,23 Feb 2025,505,"$2,446",25.0,7.08,Yes
PO1405,Meridian Exports,North ,Components,09 Apr 2023,508,"$3,583",20.0,4.75,No
PO1699,Sunfield Industries,north,Components,20 Oct 2023,1725,"$1,099",8.0,7.25,Yes
PO1763,Sunfield Industries,east,Packaging,07 May 2023,851,"$1,618",23.0,0.09,No
PO1459, GlobalSupply Co,North,Components,2023/02/18,1300,"$3,154",60.0,0.74,No
PO1207,NovaPack,NORTH,Components,10-02-2024,126,"$3,154",20.0,5.07,No
PO1061,Meridian Exports,East ,Packaging,21 Nov 2024,1020,$849,4.0,1.24,No
PO1234, Ashoka Metals,west,Raw Material,15-02-2023,990,"$2,171",4.0,3.2,Yes
PO1037,BharatParts,West,Raw Material,26-09-2024,1657,"$3,038",4.0,3.56,Yes
PO1674,NovaPack ,South ,Raw Material,01 May 2025,789,"$3,095",5.0,3.06,Yes
PO1004,TamilCast ,North,Components,11-12-2024,476,"$2,835",22.0,4.71,No
PO1791,BharatParts ,east,Raw Material,26 May 2025,1762,$ 351,12.0,1.47,No
PO1655,Ashoka Metals,east,Raw Material,07-11-2024,999,$257,6.0,3.35,Yes
PO1158,TamilCast,EAST,Raw Material,23-02-2023,615,"$1,308",19.0,6.33,No
PO1581,BharatParts,south,Packaging,14 Nov 2024,250,"$1,352",10.0,6.04,Yes
PO1747,Sunfield Industries,WEST,Components,05-03-2024,399,$135,13.0,4.6,Yes
PO1461,Meridian Exports,north,Raw Material,2023/11/15,1637,$ 868,16.0,7.73,No
PO1150,NovaPack,East ,Packaging,2024/02/10,1083,"$2,668",60.0,5.82,Yes
PO1666,Ashoka Metals,EAST,Consumables,2025/09/03,1220,"$2,317",3.0,3.33,No
PO1961,Meridian Exports,south,Components,09-09-2024,1377,"$3,234",15.0,4.87,Yes
PO1832, BharatParts,west,Consumables,06-11-2024,1473,"$2,395",6.0,5.35,No
PO1194,Meridian Exports,North ,Raw Material,12-06-2024,1226,"$3,276",20.0,,No
PO1586,Zenith Traders,south,Consumables,2025/05/22,1417,"$2,659",16.0,6.17,Yes
PO1078,BharatParts,EAST,Consumables,2024/06/03,1514,"$3,009",20.0,0.62,Yes
PO1553,BharatParts,South ,Raw Material,16-05-2023,377,"$2,854",9.0,7.58,Yes
PO1555,BharatParts,NORTH,Raw Material,02-09-2024,1222,"$3,073",6.0,7.37,Yes
PO1102, GlobalSupply Co,NORTH,Raw Material,08-12-2024,1727,"$1,002",24.0,1.34,Yes
PO1125,Zenith Traders,West ,Raw Material,2023/03/08,632,"$3,141",5.0,3.14,Yes
PO1010,GlobalSupply Co,North,Consumables,28-02-2025,1731,$176,22.0,2.19,No
PO1939, TamilCast,south,Components,12 Jan 2024,473,$411,5.0,1.28,Yes
PO1071,NovaPack,EAST,Packaging,13-12-2023,1665,"$3,024",17.0,0.35,No
PO1252,GlobalSupply Co,North ,Components,12 Aug 2023,205,"$2,392",18.0,4.57,Yes
PO1918,GlobalSupply Co,NORTH,Raw Material,11-01-2023,1716,"$2,049",9.0,1.24,Yes
PO1126,BharatParts ,NORTH,Packaging,10 Jun 2025,158,"$2,271",8.0,2.81,No
PO1304,Zenith Traders,west,Packaging,12 Apr 2023,1861,"$1,084",4.0,6.16,Yes
PO1970,Meridian Exports,NORTH,Packaging,2025/10/09,407,$787,19.0,1.92,No
PO1784,Ashoka Metals,WEST,Packaging,06-06-2023,290,$ 989,5.0,3.64,Yes
PO1069, Ashoka Metals,North,Components,2025/08/17,175,"$2,537",17.0,4.53,Yes
PO1883, NovaPack,East,Consumables,2024/04/12,759,"$2,236",6.0,1.71,Yes
PO1546,Ashoka Metals,north,Raw Material,2025/08/01,538,$918,10.0,7.59,Yes
PO1059,Ashoka Metals ,NORTH,Packaging,10 Jan 2024,1773,$ 829,2.0,4.15,Yes
PO1549,Meridian Exports,north,Components,07-01-2025,246,"$3,172",23.0,3.24,No
PO1904,GlobalSupply Co,West,Components,2023/05/22,1147,"$1,860",12.0,1.95,No
PO1043,Zenith Traders,EAST,Consumables,2025/03/13,976,"$2,062",12.0,4.52,Yes
PO1537,GlobalSupply Co,South ,Consumables,2025/11/25,1954,"$2,752",16.0,1.02,No
PO1874,Sunfield Industries ,South,Components,2024/05/27,1232,$ 343,7.0,6.62,Yes
PO1124,GlobalSupply Co,EAST,Packaging,02-07-2025,572,"$2,982",25.0,2.04,Yes
PO1554,Ashoka Metals ,east,Consumables,15 Apr 2023,1584,"$2,390",19.0,2.15,Yes
PO1919,GlobalSupply Co,North ,Consumables,22-11-2024,617,"$2,332",9.0,7.4,Yes
PO1932,Meridian Exports,West,Packaging,13-08-2024,1830,"$1,351",9.0,6.51,Yes
PO1083,Zenith Traders,North ,Consumables,22 Nov 2025,551,"$3,075",24.0,2.64,Yes
PO1130,Meridian Exports,West,Consumables,21-11-2024,485,"$2,147",13.0,7.04,Yes
PO1908,GlobalSupply Co,West ,Packaging,15-02-2025,1835,"$3,694",11.0,5.53,Yes
PO1342,BharatParts,North,Consumables,05-04-2023,343,"$2,448",20.0,1.77,No
PO1836,TamilCast,West,Components,01 Dec 2023,335,"$3,485",23.0,0.75,Yes
PO1779, Ashoka Metals,South ,Packaging,05 Feb 2024,982,"$2,376",14.0,0.0,Yes
PO1064,Sunfield Industries,South ,Components,22 Nov 2025,1240,$ 713,25.0,4.29,Yes
PO1731,Zenith Traders,South,Raw Material,21 May 2024,513,"$2,991",17.0,1.43,Yes
PO1235,Meridian Exports ,North,Components,18 Oct 2024,1872,"$2,192",21.0,1.41,Yes
PO1327,Ashoka Metals,East,Components,21-06-2023,668,"$1,966",60.0,2.58,No
PO1809,Ashoka Metals,East,Raw Material,03 Apr 2024,410,$526,26.0,1.83,No
PO1120, TamilCast,SOUTH,Consumables,21 Dec 2024,109,"$3,850",10.0,1.31,Yes
PO1847,Meridian Exports,west,Consumables,11-02-2024,722,"$3,321",16.0,4.16,Yes
PO1539,NovaPack,north,Consumables,2025/03/15,1807,"$3,117",10.0,5.52,Yes
PO1307,TamilCast,West,Raw Material,04-04-2025,648,"$1,999",25.0,7.36,No
PO1978,NovaPack,East ,Consumables,07-07-2024,1031,"$1,520",13.0,3.23,No
PO1058,TamilCast,South,Consumables,2025/04/27,1967,"$2,237",24.0,1.91,No
PO1556,GlobalSupply Co,south,Components,13 Feb 2024,556,"$2,297",3.0,7.37,Yes
PO1285,BharatParts,north,Raw Material,12 Sep 2025,1850,"$2,694",24.0,0.94,No
PO1637,Meridian Exports,EAST,Components,06 Jul 2024,770,"$3,280",4.0,4.03,Yes
PO1598,Sunfield Industries,East ,Components,2025/04/10,745,"$3,303",12.0,6.73,No
PO1148,NovaPack,west,Packaging,16-02-2023,1755,$ 551,5.0,2.51,Yes
PO1320, NovaPack,West,Packaging,09-06-2024,959,$451,10.0,3.54,Yes
PO1323,Zenith Traders,West,Components,17 May 2025,333,"$2,643",19.0,3.65,Yes
PO1128,Ashoka Metals,South ,Raw Material,05-01-2023,1362,$ 559,25.0,5.16,No
PO1195, BharatParts,NORTH,Consumables,22-03-2024,1639,"$2,551",4.0,1.77,Yes
PO1593,BharatParts ,East,Consumables,01-02-2024,1971,"$1,101",23.0,6.18,No
PO1063,TamilCast ,West ,Packaging,2023/04/13,1588,"$3,186",5.0,0.77,Yes
PO1969,GlobalSupply Co,North,Raw Material,22-04-2025,1160,$ 736,17.0,3.77,No
PO1645,Ashoka Metals,west,Packaging,2023/07/10,1471,"$3,798",24.0,3.46,No
PO1434,Sunfield Industries,SOUTH,Raw Material,04-03-2023,620,$149,14.0,3.79,Yes
PO1486, Sunfield Industries,west,Raw Material,2024/10/23,621,$ 628,12.0,7.57,No
PO1198,Sunfield Industries,East,Packaging,03 Jul 2024,1923,"$1,286",14.0,2.23,No
PO1940,Zenith Traders,east,Packaging,2024/08/01,1532,"$1,473",22.0,6.34,Yes
PO1627,Zenith Traders,SOUTH,Raw Material,2025/03/26,739,"$3,949",15.0,7.22,Yes
PO1343,Sunfield Industries,South,Packaging,12-10-2023,531,"$1,865",3.0,4.28,Yes
PO1474,Ashoka Metals,South,Consumables,06 Feb 2024,1336,"$2,493",24.0,4.22,Yes
PO1528,Sunfield Industries,East,Packaging,10 Jan 2024,251,"$1,598",16.0,7.05,No
PO1411, Meridian Exports,West ,Raw Material,2024/10/28,648,"$3,894",10.0,4.79,Yes
PO1638, GlobalSupply Co,East ,Consumables,2023/03/13,601,"$1,157",6.0,2.3,Yes
PO1902,Ashoka Metals,east,Consumables,2024/02/14,167,$ 915,11.0,2.28,Yes
PO1451,Meridian Exports,South ,Components,09 May 2023,1533,"$2,592",9.0,6.71,Yes
PO1032,TamilCast,SOUTH,Components,05-06-2024,543,"$2,420",23.0,2.07,No
PO1205,Ashoka Metals,North ,Packaging,18 Dec 2023,867,"$1,512",17.0,1.62,Yes
PO1131,TamilCast,NORTH,Components,06 Oct 2024,1024,"$2,696",9.0,6.2,Yes
PO1265,GlobalSupply Co ,West ,Components,03-07-2023,1442,"$1,585",20.0,5.0,Yes
PO1930,TamilCast,west,Raw Material,03 Feb 2024,1569,"$3,423",4.0,1.96,Yes
PO1325, TamilCast,West,Components,27-10-2025,1191,$ 864,16.0,2.89,Yes
PO1623,Meridian Exports,north,Raw Material,07-01-2023,306,$885,22.0,0.36,No
PO1749,TamilCast,West ,Raw Material,14-04-2025,1231,"$1,604",12.0,4.24,Yes
PO1162,Ashoka Metals ,SOUTH,Components,23-02-2023,502,"$2,509",13.0,3.74,No
PO1496,Meridian Exports,North,Consumables,2024/04/15,958,"$3,523",21.0,3.54,No
PO1027,Zenith Traders,NORTH,Packaging,23-04-2025,1803,"$3,899",10.0,1.2,Yes
PO1698,Ashoka Metals,East ,Raw Material,19 Oct 2025,1610,$932,9.0,4.09,Yes
PO1334,NovaPack,south,Components,2024/10/02,646,$365,17.0,3.54,Yes
PO1076,BharatParts,WEST,Raw Material,2024/06/20,1463,"$2,721",60.0,2.03,No
PO1514,Sunfield Industries,west,Consumables,2024/07/11,1670,$547,4.0,1.81,Yes
PO1282,TamilCast,WEST,Consumables,10-08-2023,363,"$3,626",12.0,7.11,Yes
PO1319,Zenith Traders,North,Consumables,2024/12/14,719,"$2,044",20.0,,No
PO1849,Sunfield Industries,EAST,Raw Material,12-02-2025,1449,"$1,719",4.0,4.24,Yes
PO1363,NovaPack,north,Packaging,2023/01/20,1810,$ 73,12.0,3.15,Yes
PO1336,Sunfield Industries,North ,Raw Material,04-06-2023,894,"$1,565",2.0,0.48,No
PO1366,Sunfield Industries,North ,Components,24-07-2023,621,"$1,648",12.0,2.4,Yes
PO1619,TamilCast,north,Raw Material,08 Mar 2024,1605,"$2,879",12.0,5.12,No
PO1981,GlobalSupply Co,west,Consumables,20 Apr 2025,281,"$3,744",19.0,6.39,No
PO1228,Ashoka Metals,South ,Packaging,08 Dec 2024,1644,$482,19.0,4.42,Yes
PO1714,Ashoka Metals,South,Consumables,19 Sep 2023,1608,"$1,663",7.0,,Yes
PO1907,BharatParts,East ,Consumables,21-05-2024,1494,"$1,403",6.0,4.33,Yes
