Campaign_ID,Channel,Campaign_Type,Region,Start_Date,Budget_INR,Impressions,Clicks,Conversions,Spend_INR,High_ROI
CMP4227,Email,Retargeting,North,03-11-2024,"₹50,330",1987676.0,99391.0,6727.0,"₹50,393",Yes
CMP4098,Social,Lead Gen,West,23-08-2024,"₹5,000",146282.0,4395.0,327.0,"₹4,908",No
CMP4080,Social,Awareness,North,2024/05/08,"₹55,348",1741463.0,48029.0,4343.0,"₹52,912",No
CMP4188,Email,Promo,South,2024/10/26,"₹42,112",1353637.0,63148.0,3987.0,"₹37,825",Yes
CMP4382,Display ,Promo,East,2024/01/11,"₹9,187",377824.0,3511.0,54.0,"₹8,996",No
CMP4026,Search,Retargeting,East,08 Aug 2024,"₹79,672",2199415.0,121121.0,14738.0,"₹67,900",Yes
CMP4217,Search,Retargeting,East,2024/02/18,"₹101,445",3273044.0,181745.0,17077.0,"₹101,918",Yes
CMP4334,SOCIAL,Lead Gen,East,2024/06/30,"₹52,131",1982438.0,40359.0,2508.0,"₹45,541",Yes
CMP4292,email,Promo,South,18-05-2024,"₹93,338",3099530.0,,9203.0,"₹81,297",No
CMP4187,Display,Retargeting,South,24-06-2024,"₹58,718",1714800.0,11026.0,418.0,"₹63,103",No
CMP4056,Social,Promo,North,17 Jul 2024,"₹51,300",1966218.0,59439.0,6476.0,"₹56,046",No
CMP4089,Search ,Retargeting,East,2024/05/17,"₹68,081",2796916.0,177064.0,20402.0,"₹60,792",Yes
CMP4060,display,Promo,South,09-01-2024,"₹70,258",2908720.0,27461.0,1384.0,"₹74,204",No
CMP4241,display,Awareness,West,19-03-2024,"₹47,575",1528923.0,22491.0,2194.0,"₹46,275",No
CMP4254,SOCIAL,Retargeting,West,03-10-2024,"₹56,560",2013887.0,54965.0,2065.0,"₹55,686",No
CMP4293,search,Retargeting,East,22-05-2024,"₹65,910",1108773.0,75594.0,3319.0,"₹67,153",Yes
CMP4120,Email ,Retargeting,West,04 Feb 2024,"₹33,762",1271392.0,66466.0,3395.0,"₹32,986",Yes
CMP4270,Social,Lead Gen,East,04-11-2024,"₹61,619",2569594.0,94050.0,3804.0,"₹60,683",No
CMP4139,SEARCH,Retargeting,South,17-04-2024,"₹59,671",1824023.0,114292.0,10072.0,"₹56,277",Yes
CMP4206,display,Promo,North,17-09-2024,"₹19,917",797930.0,11689.0,1309.0,"₹17,823",No
CMP4052,email,Promo,North,21-07-2024,"₹70,985",2078456.0,49504.0,2165.0,"₹66,883",No
CMP4162,DISPLAY,Awareness,North,2024/02/06,"₹126,618",4871965.0,77573.0,5143.0,"₹123,993",No
CMP4346,display,Promo,South,2024/04/12,"₹69,242",2590578.0,32051.0,3501.0,"₹68,526",No
CMP4395,display,Awareness,East,30-01-2024,"₹29,760",1288180.0,11936.0,874.0,"₹28,594",No
CMP4030,display,Awareness,South,09-05-2024,"₹110,258",3415160.0,39462.0,5783.0,"₹100,638",No
CMP4302,SOCIAL,Promo,East,25-02-2024,"₹43,982",2131284.0,48101.0,3496.0,"₹43,287",No
CMP4331,DISPLAY,Lead Gen,East,06-07-2024,"₹34,323",1348768.0,,1483.0,"₹34,656",No
CMP4118,search,Awareness,West,23 Oct 2024,"₹44,719",1528546.0,105881.0,8041.0,"₹43,834",No
CMP4319,Search ,Retargeting,North,02 Jan 2024,"₹25,759",1304331.0,100660.0,9049.0,"₹21,922",Yes
CMP4145,Search,Awareness,South,2024/01/04,"₹55,684",1885798.0,122779.0,6719.0,"₹56,434",Yes
CMP4231,search,Lead Gen,West,2024/04/15,"₹65,198",2373315.0,141614.0,,"₹65,118",Yes
CMP4014,Display,Retargeting,East,01-12-2024,"₹68,190",3219870.0,51476.0,6560.0,"₹68,028",No
CMP4174,Social,Awareness,West,20-10-2024,"₹40,452",1806448.0,61167.0,2615.0,"₹38,120",No
CMP4222,Social,Retargeting,North,10-11-2024,"₹10,925",396351.0,11276.0,1386.0,"₹9,477",Yes
CMP4389,Display,Awareness,North,2024/10/03,"₹20,480",761083.0,8998.0,863.0,"₹18,950",No
CMP4288,SOCIAL,Retargeting,North,13 Feb 2024,"₹76,075",1549722.0,24244.0,2721.0,"₹71,329",No
CMP4051,email,Awareness,North,29 Jan 2024,"₹66,201",1856345.0,50946.0,5797.0,"₹57,577",Yes
CMP4210,DISPLAY,Retargeting,North,2024/02/27,"₹37,801",1665051.0,22798.0,2879.0,"₹35,531",Yes
CMP4147,Display,Promo,East,2024/03/27,"₹33,190",835545.0,,881.0,"₹28,182",Yes
CMP4165,Display,Awareness,North,2024/12/21,"₹14,407",315716.0,2886.0,353.0,"₹13,242",No
CMP4371,Search ,Lead Gen,South,16-04-2024,"₹31,304",639637.0,19716.0,1362.0,"₹31,923",No
CMP4364,SEARCH,Awareness,North,20 Jan 2024,"₹10,213",366776.0,18267.0,1349.0,"₹9,564",Yes
CMP4065,SEARCH,Retargeting,North,2024/04/27,"₹18,419",826359.0,50576.0,4104.0,"₹17,589",Yes
CMP4129,Search,Retargeting,North,18 Dec 2024,"₹5,000",158491.0,11958.0,408.0,"₹4,568",Yes
CMP4111,EMAIL,Awareness,North,2024/07/11,"₹44,573",1945691.0,54768.0,7108.0,"₹41,381",No
CMP4368,search,Lead Gen,East,2024/07/15,"₹64,988",2274982.0,106783.0,8880.0,"₹60,349",Yes
CMP4090,Search,Awareness,South,2024/01/02,"₹66,118",2720017.0,188989.0,21542.0,"₹67,098",Yes
CMP4109,SEARCH,Retargeting,West,22 Sep 2024,"₹38,141",1198533.0,66540.0,7380.0,"₹33,227",Yes
CMP4028,Search,Lead Gen,East,24-03-2024,"₹76,059",2581903.0,156309.0,12021.0,"₹65,080",Yes
CMP4041,email,Awareness,North,2024/03/10,"₹63,561",2374417.0,107654.0,10901.0,"₹55,637",Yes
CMP4003,Social,Awareness,South,17 Jun 2024,"₹30,636",886947.0,25268.0,2568.0,"₹25,970",No
CMP4022,DISPLAY,Promo,South,03-01-2024,"₹7,326",153373.0,2477.0,181.0,"₹6,469",No
CMP4370,DISPLAY,Awareness,South,26 Mar 2024,"₹102,193",3028183.0,,2357.0,"₹98,169",No
CMP4283,SEARCH,Awareness,North,26-06-2024,"₹5,000",135983.0,6374.0,246.0,"₹4,912",Yes
CMP4261,Search,Promo,South,23-08-2024,"₹71,774",3134622.0,157559.0,12856.0,"₹72,858",Yes
CMP4249,Search ,Retargeting,South,08 Sep 2024,"₹56,198",1850257.0,133531.0,7342.0,"₹51,620",Yes
CMP4228,social,Retargeting,North,2024/08/14,"₹57,079",2372398.0,52047.0,3581.0,"₹55,505",No
CMP4057,email,Awareness,South,02-04-2024,"₹83,602",2250559.0,92763.0,9462.0,"₹70,389",No
CMP4259,email,Retargeting,South,2024/11/09,"₹26,497",1103665.0,47821.0,3385.0,"₹26,427",Yes
CMP4178,Social,Retargeting,East,2024/10/13,"₹43,696",1458624.0,,4076.0,"₹35,501",Yes
CMP4333,Display ,Lead Gen,North,29 Apr 2024,"₹48,421",1872715.0,20758.0,1630.0,"₹42,483",No
CMP4244,Display,Awareness,North,2024/10/13,"₹80,829",2551136.0,26482.0,2022.0,"₹80,611",No
CMP4115,Search,Awareness,West,24-08-2024,"₹8,970",344002.0,19993.0,354.0,"₹8,112",Yes
CMP4157,Search,Lead Gen,East,12-06-2024,"₹38,998",1980681.0,105041.0,11911.0,"₹38,344",Yes
CMP4101,search,Retargeting,West,16-10-2024,"₹73,113",3043019.0,97461.0,12434.0,"₹62,981",Yes
CMP4212,Email,Awareness,South,2024/12/14,"₹5,181",238220.0,5781.0,0.0,"₹4,848",Yes
CMP4307,Search ,Retargeting,South,2024/07/29,"₹81,494",13091532.0,210786.0,23769.0,"₹77,215",Yes
CMP4294,Email,Awareness,West,2024/12/22,"₹111,537",3821988.0,186176.0,12517.0,"₹102,942",No
CMP4114,social,Awareness,West,14-12-2024,"₹65,562",2048734.0,56572.0,4616.0,"₹65,882",No
CMP4232,Search,Retargeting,West,2024/04/07,"₹99,036",3928988.0,282593.0,24560.0,"₹100,174",Yes
CMP4170,email,Retargeting,South,12-12-2024,"₹45,217",1948965.0,126701.0,20075.0,"₹46,075",Yes
CMP4373,Display ,Retargeting,North,16 Jul 2024,"₹23,736",677661.0,7306.0,464.0,"₹22,369",No
CMP4238,Search ,Lead Gen,East,01-03-2024,"₹56,256",2535560.0,122948.0,9287.0,"₹55,078",Yes
CMP4297,search,Promo,North,20-03-2024,"₹50,180",995794.0,66361.0,5053.0,"₹51,515",Yes
CMP4235,social,Retargeting,South,2024/03/31,"₹88,186",2517695.0,72388.0,9786.0,"₹92,197",Yes
CMP4362,Social,Retargeting,South,20 Mar 2024,"₹36,519",980688.0,21633.0,1933.0,"₹32,405",Yes
CMP4132,search,Retargeting,East,17-11-2024,"₹45,058",1767264.0,89189.0,8547.0,"₹43,057",Yes
CMP4059,search,Retargeting,South,2024/10/12,"₹5,000",142926.0,9211.0,646.0,"₹4,815",Yes
CMP4138,Search,Lead Gen,West,2024/12/01,"₹16,474",713231.0,33104.0,2021.0,"₹16,716",Yes
CMP4074,SOCIAL,Awareness,North,2024/09/25,"₹37,617",1296942.0,31391.0,2032.0,"₹38,442",No
CMP4079,Search,Lead Gen,North,10-05-2024,"₹19,970",730103.0,42834.0,3127.0,"₹17,327",Yes
CMP4150,Email,Awareness,South,2024/11/23,"₹52,942",2006633.0,75098.0,4707.0,"₹47,517",Yes
CMP4289,Search,Retargeting,West,2024/12/01,"₹69,887",1483638.0,87895.0,5691.0,"₹65,079",Yes
CMP4081,SEARCH,Promo,North,08 Jul 2024,"₹5,000",179310.0,10296.0,387.0,"₹4,861",Yes
CMP4050,Email,Promo,North,07 Mar 2024,"₹44,559",1301565.0,,4228.0,"₹42,802",Yes
CMP4267,Social,Lead Gen,South,01-08-2024,"₹11,554",481213.0,,211.0,"₹11,240",Yes
CMP4154,Display ,Awareness,East,2024/04/18,"₹49,702",1009066.0,9873.0,738.0,"₹44,719",No
CMP4365,Search ,Retargeting,West,2024/06/21,"₹32,159",1285279.0,97782.0,9189.0,"₹28,320",Yes
CMP4204,Social,Awareness,West,2024/06/01,"₹81,927",3156969.0,71793.0,3674.0,"₹67,773",No
CMP4336,Email,Retargeting,South,24-03-2024,"₹45,429",1878776.0,92096.0,,"₹43,001",Yes
CMP4053,Search,Promo,East,12-11-2024,"₹5,634",234332.0,14256.0,1086.0,"₹4,498",Yes
CMP4356,EMAIL,Retargeting,South,2024/09/19,"₹45,051",2223755.0,81860.0,4763.0,"₹42,979",Yes
CMP4141,Display ,Retargeting,South,18 Apr 2024,"₹58,708",2883904.0,33924.0,2935.0,"₹57,401",No
CMP4363,DISPLAY,Awareness,South,17-05-2024,"₹42,698",1232795.0,17927.0,1679.0,"₹39,793",No
CMP4372,Display,Retargeting,West,13-02-2024,"₹9,514",281909.0,3225.0,229.0,"₹9,519",Yes
CMP4148,Display,Lead Gen,South,2024/10/08,"₹12,466",273271.0,2142.0,234.0,"₹12,106",No
CMP4277,search,Awareness,East,2024/03/19,"₹64,224",2683105.0,153726.0,10602.0,"₹68,045",Yes
CMP4193,Search,Retargeting,North,2024/08/09,"₹8,648",291287.0,19345.0,1623.0,"₹7,891",Yes
CMP4066,Display,Awareness,South,24-04-2024,"₹108,400",4991206.0,47905.0,4069.0,"₹98,698",No
CMP4173,Social,Retargeting,North,07-01-2024,"₹33,697",1232045.0,24589.0,1980.0,"₹33,038",No
CMP4303,SOCIAL,Lead Gen,East,29 Mar 2024,"₹63,068",2229339.0,59629.0,2359.0,"₹60,628",No
CMP4392,Search,Awareness,North,2024/03/20,"₹50,499",1560459.0,106671.0,9801.0,"₹48,771",Yes
CMP4386,Email,Retargeting,East,30-04-2024,"₹63,003",2687149.0,135062.0,7530.0,"₹58,512",Yes
CMP4084,Social,Lead Gen,East,2024/03/08,"₹29,920",1673886.0,47959.0,3748.0,"₹27,810",No
CMP4256,Social,Lead Gen,East,11 May 2024,"₹95,958",3666940.0,98513.0,8600.0,"₹98,560",No
CMP4332,Social ,Retargeting,North,26 Feb 2024,"₹90,503",2800357.0,52706.0,3330.0,"₹79,998",No
CMP4099,Email,Retargeting,East,02-09-2024,"₹45,125",1560134.0,53465.0,2089.0,"₹39,951",Yes
CMP4032,Display,Awareness,East,2024/10/12,"₹59,953",2136150.0,,2603.0,"₹57,767",No
CMP4239,display,Awareness,North,2024/09/24,"₹76,904",1857356.0,17751.0,1088.0,"₹72,607",No
CMP4015,SOCIAL,Retargeting,North,02-12-2024,"₹15,790",602271.0,13427.0,1248.0,"₹15,314",No
CMP4258,Social,Promo,East,22-06-2024,"₹99,767",3213855.0,98909.0,9200.0,"₹92,313",No
CMP4202,EMAIL,Awareness,North,02-07-2024,"₹52,934",1738765.0,69870.0,6444.0,"₹46,743",No
CMP4236,email,Promo,East,2024/10/03,"₹36,271",1199544.0,65638.0,8229.0,"₹34,413",Yes
CMP4086,DISPLAY,Lead Gen,South,2024/06/28,"₹61,125",2359545.0,20986.0,1725.0,"₹57,293",No
CMP4037,Social,Lead Gen,West,2024/03/26,"₹36,730",1020116.0,28062.0,2073.0,"₹36,654",No
CMP4002,search,Awareness,South,2024/03/04,"₹56,779",2300259.0,146575.0,6844.0,"₹56,760",Yes
CMP4062,search,Promo,West,2024/01/13,"₹6,036",146508.0,9969.0,986.0,"₹5,988",No
CMP4338,email,Lead Gen,South,21-12-2024,"₹72,478",1919266.0,68240.0,4581.0,"₹68,787",Yes
CMP4268,email,Lead Gen,West,2024/11/24,"₹66,119",2600045.0,39116.0,1326.0,"₹60,591",No
CMP4308,SOCIAL,Awareness,South,2024/05/06,"₹77,099",2235379.0,,4005.0,"₹75,326",No
CMP4207,display,Lead Gen,South,11-07-2024,"₹30,306",939994.0,9733.0,880.0,"₹27,949",No
CMP4155,EMAIL,Retargeting,East,30-12-2024,"₹43,165",1669680.0,87451.0,,"₹41,318",Yes
CMP4073,Search,Retargeting,South,01 Aug 2024,"₹120,646",3251961.0,160375.0,11273.0,"₹107,521",Yes
CMP4337,social,Lead Gen,North,14 Mar 2024,"₹54,407",1220719.0,30681.0,2066.0,"₹52,016",No
CMP4104,EMAIL,Lead Gen,North,17-04-2024,"₹5,000",166469.0,8979.0,447.0,"₹4,727",Yes
CMP4305,Search,Lead Gen,West,19-11-2024,"₹41,500",1981281.0,134778.0,11009.0,"₹39,952",Yes
CMP4376,Display,Promo,West,16-04-2024,"₹52,342",1638887.0,16883.0,1424.0,"₹50,185",No
CMP4278,Search,Retargeting,West,28-06-2024,"₹29,775",927723.0,53632.0,4038.0,"₹30,090",Yes
CMP4016,Email,Retargeting,North,20-04-2024,"₹84,241",3039493.0,145104.0,,"₹86,779",Yes
CMP4164,Search ,Retargeting,South,15-02-2024,"₹46,873",1168095.0,,4344.0,"₹46,491",Yes
CMP4088,email,Awareness,South,10-03-2024,"₹87,977",3797139.0,168449.0,,"₹93,626",No
CMP4347,SEARCH,Promo,West,2024/08/31,"₹71,645",2200552.0,138368.0,12314.0,"₹62,502",Yes
CMP4102,Email,Awareness,North,2024/04/30,"₹19,507",532477.0,18916.0,1997.0,"₹18,258",No
CMP4163,EMAIL,Retargeting,North,11-02-2024,"₹16,355",575944.0,27489.0,3373.0,"₹14,673",Yes
CMP4070,DISPLAY,Awareness,East,2024/05/13,"₹51,040",1319078.0,9104.0,328.0,"₹48,608",No
CMP4133,SOCIAL,Retargeting,West,01-01-2024,"₹64,495",2706617.0,71723.0,9273.0,"₹63,061",Yes
CMP4228,social,Retargeting,North,2024/08/14,"₹57,079",2372398.0,52047.0,3581.0,"₹55,505",No
CMP4398,social,Retargeting,East,2024/05/13,"₹29,987",928043.0,23846.0,2097.0,"₹27,174",No
CMP4140,Email,Promo,West,2024/06/01,"₹5,000",78456.0,2910.0,291.0,"₹4,652",Yes
CMP4265,EMAIL,Awareness,West,22 Oct 2024,"₹50,012",1448336.0,44913.0,4223.0,"₹46,052",No
CMP4018,Display ,Awareness,North,18-03-2024,"₹47,733",1586912.0,20200.0,2559.0,"₹44,227",No
CMP4310,Social,Awareness,North,14 Aug 2024,"₹5,000",150586.0,3739.0,391.0,"₹5,516",No
CMP4020,SOCIAL,Promo,East,22 Apr 2024,"₹78,614",2834139.0,59690.0,3131.0,"₹70,067",No
CMP4055,Social,Retargeting,West,2024/10/11,"₹61,494",3258844.0,62215.0,3320.0,"₹57,230",No
CMP4335,EMAIL,Promo,East,07-02-2024,"₹78,119",2777164.0,88105.0,5984.0,"₹78,786",No
CMP4342,Email,Promo,West,03-07-2024,"₹51,640",1652633.0,49388.0,4405.0,"₹44,704",Yes
CMP4287,Display,Promo,South,2024/08/22,"₹45,863",1314724.0,14710.0,776.0,"₹47,584",No
CMP4243,SEARCH,Lead Gen,North,19-03-2024,"₹48,541",1493855.0,51341.0,5067.0,"₹51,479",Yes
CMP4350,Search,Promo,North,2024/01/28,"₹68,630",3057275.0,262631.0,18635.0,"₹61,160",Yes
CMP4159,Display,Retargeting,East,2024/04/04,"₹28,871",792759.0,11580.0,623.0,"₹30,077",No
CMP4255,EMAIL,Retargeting,West,18 Dec 2024,"₹37,352",1507453.0,49106.0,3186.0,"₹36,421",Yes
CMP4097,display,Lead Gen,East,04-08-2024,"₹75,800",2104738.0,22379.0,25.0,"₹69,212",No
CMP4320,Email,Awareness,South,03-12-2024,"₹50,008",2509559.0,67663.0,4810.0,"₹52,767",No
CMP4122,EMAIL,Awareness,East,2024/09/22,"₹54,015",1679877.0,76297.0,10311.0,"₹48,260",Yes
CMP4113,Display,Promo,West,16-03-2024,"₹21,319",711080.0,10711.0,1243.0,"₹19,456",No
CMP4194,Social ,Lead Gen,West,11-07-2024,"₹61,409",3131553.0,108478.0,,"₹63,547",Yes
CMP4264,search,Promo,West,04-10-2024,"₹81,979",2634520.0,154207.0,11214.0,"₹79,733",Yes
CMP4108,DISPLAY,Lead Gen,South,16-11-2024,"₹79,568",2746924.0,28207.0,,"₹71,130",No
CMP4177,SOCIAL,Awareness,East,31-05-2024,"₹44,135",1381409.0,36249.0,1748.0,"₹43,178",No
CMP4094,Display ,Promo,South,23 Nov 2024,"₹93,439",3481985.0,37159.0,3028.0,"₹85,906",No
CMP4240,Social,Lead Gen,South,15-07-2024,"₹59,026",1783839.0,53465.0,4306.0,"₹53,169",No
CMP4125,Display,Lead Gen,East,12-12-2024,"₹75,073",2580323.0,28941.0,2560.0,"₹75,714",No
CMP4242,display,Awareness,South,14-09-2024,"₹13,790",570323.0,6109.0,639.0,"₹13,068",No
CMP4388,Email,Lead Gen,West,01-06-2024,"₹45,226",1287595.0,76196.0,8730.0,"₹44,377",Yes
CMP4091,SOCIAL,Awareness,East,22-03-2024,"₹19,265",707394.0,16531.0,1005.0,"₹16,967",No
CMP4385,search,Promo,East,18-07-2024,"₹31,125",1267842.0,79158.0,6483.0,"₹26,917",Yes
CMP4340,Social,Retargeting,East,2024/11/16,"₹42,868",1005421.0,22304.0,1012.0,"₹38,999",No
CMP4379,Search,Lead Gen,South,2024/04/27,"₹62,608",13091532.0,103291.0,8457.0,"₹56,379",Yes
CMP4200,Email ,Promo,East,10-06-2024,"₹62,863",1481586.0,30278.0,2698.0,"₹53,877",Yes
CMP4181,SOCIAL,Promo,East,22-08-2024,"₹32,603",1445737.0,38218.0,2436.0,"₹28,516",Yes
CMP4330,SOCIAL,Retargeting,North,2024/12/18,"₹67,409",13091532.0,50173.0,5825.0,"₹60,611",No
CMP4024,SEARCH,Lead Gen,South,15-10-2024,"₹5,000",172197.0,12657.0,363.0,"₹4,913",Yes
CMP4361,social,Lead Gen,North,23-07-2024,"₹81,214",2118947.0,58487.0,8482.0,"₹82,350",No
CMP4246,SOCIAL,Retargeting,West,03-08-2024,"₹43,881",1705534.0,42069.0,4957.0,"₹43,606",Yes
CMP4126,Email,Lead Gen,North,2024/01/16,"₹64,400",2249301.0,91065.0,4606.0,"₹59,517",Yes
CMP4328,DISPLAY,Retargeting,South,25-06-2024,"₹5,000",167103.0,1317.0,,"₹5,061",No
CMP4078,Email,Lead Gen,South,2024/08/04,"₹78,161",3255922.0,96495.0,14303.0,"₹74,117",Yes
CMP4263,Display ,Retargeting,North,31-01-2024,"₹41,140",13091532.0,23282.0,1270.0,"₹42,186",No
CMP4220,display,Promo,South,06-10-2024,"₹44,459",1408527.0,19335.0,833.0,"₹40,124",No
CMP4298,SOCIAL,Promo,West,2024/11/28,"₹43,116",1232637.0,31528.0,5548.0,"₹43,167",No
CMP4313,Display,Promo,South,2024/07/03,"₹46,757",1739186.0,18823.0,1536.0,"₹46,008",No
CMP4390,DISPLAY,Awareness,North,11-06-2024,"₹49,730",1647747.0,18743.0,2135.0,"₹45,372",No
CMP4284,Display,Promo,East,26-11-2024,"₹40,409",1256949.0,11027.0,916.0,"₹40,173",No
CMP4061,Social,Awareness,East,03-06-2024,"₹36,573",800574.0,21849.0,2912.0,"₹35,188",No
CMP4280,Display,Lead Gen,North,2024/12/23,"₹24,444",581183.0,,1034.0,"₹25,006",No
CMP4093,Email,Promo,East,16-05-2024,"₹29,923",1351726.0,64005.0,5207.0,"₹29,698",Yes
CMP4378,Email,Promo,South,2024/03/10,"₹88,491",4311464.0,,6368.0,"₹94,346",Yes
CMP4216,SOCIAL,Awareness,North,07-08-2024,"₹87,702",3802415.0,93666.0,10547.0,"₹97,874",No
CMP4069,Email,Promo,East,2024/05/19,"₹19,522",807371.0,43434.0,2455.0,"₹19,588",Yes
CMP4036,Email,Awareness,North,02-07-2024,"₹92,971",2834136.0,,4075.0,"₹94,641",No
CMP4040,Display,Lead Gen,East,02 Oct 2024,"₹49,188",1044936.0,11842.0,947.0,"₹38,931",No
CMP4160,Search,Retargeting,South,22-01-2024,"₹52,223",1806614.0,128652.0,17723.0,"₹45,366",Yes
CMP4306,SEARCH,Awareness,South,13-02-2024,"₹75,928",2647732.0,169944.0,12027.0,"₹75,588",Yes
CMP4011,email,Awareness,North,2024/12/08,"₹81,655",2124767.0,77122.0,1873.0,"₹76,979",No
CMP4144,social,Lead Gen,West,2024/02/11,"₹72,373",3483114.0,111433.0,7391.0,"₹64,145",No
CMP4341,Display,Awareness,North,20-07-2024,"₹70,729",2245298.0,24390.0,1996.0,"₹64,560",No
CMP4281,Display,Retargeting,West,03-04-2024,"₹57,083",1915382.0,21436.0,1373.0,"₹56,136",No
CMP4327,EMAIL,Awareness,East,2024/07/04,"₹60,626",2563610.0,,0.0,"₹61,940",No
CMP4127,Search,Retargeting,East,18-08-2024,"₹61,050",1948334.0,75553.0,7501.0,"₹58,516",Yes
CMP4221,SEARCH,Awareness,North,2024/05/08,"₹61,833",2805830.0,150184.0,13277.0,"₹60,397",Yes
CMP4184,Display,Awareness,South,18 Oct 2024,"₹45,302",1556759.0,16344.0,1414.0,"₹41,064",No
CMP4046,Display,Lead Gen,East,24-08-2024,"₹41,623",1658107.0,23146.0,457.0,"₹41,908",No
CMP4237,EMAIL,Retargeting,East,2024/03/18,"₹16,891",680668.0,23757.0,2552.0,"₹16,123",Yes
CMP4300,social,Promo,East,31 May 2024,"₹76,873",2780171.0,51021.0,5865.0,"₹67,587",No
CMP4360,Display,Awareness,East,27-07-2024,"₹36,353",1571357.0,21520.0,452.0,"₹37,247",No
CMP4176,Display ,Promo,South,2024/11/20,"₹63,974",2622036.0,40321.0,3229.0,"₹63,823",No
CMP4128,Search,Awareness,West,2024/12/07,"₹68,400",3869115.0,255115.0,33877.0,"₹59,291",Yes
CMP4143,Social,Retargeting,East,2024/06/25,"₹40,412",1334769.0,39864.0,2635.0,"₹34,371",Yes
CMP4007,display,Awareness,South,2024/03/19,"₹21,777",892688.0,11343.0,,"₹21,568",No
CMP4359,Email,Retargeting,North,2024/03/06,"₹49,783",1300472.0,51910.0,2148.0,"₹43,354",Yes
CMP4245,social,Awareness,North,12 Jan 2024,"₹19,147",453862.0,12590.0,1304.0,"₹17,506",No
CMP4351,EMAIL,Promo,West,2024/09/17,"₹29,653",1006468.0,57332.0,2788.0,"₹28,929",Yes
CMP4179,Display ,Promo,North,03 Nov 2024,"₹6,980",237670.0,2368.0,257.0,"₹6,220",No
CMP4172,DISPLAY,Awareness,South,16 Oct 2024,"₹14,974",426520.0,4359.0,536.0,"₹15,348",No
CMP4296,Search,Promo,West,2024/07/30,"₹5,914",283770.0,,1866.0,"₹5,402",Yes
CMP4008,Email,Promo,North,25-08-2024,"₹7,513",271142.0,11976.0,486.0,"₹7,542",Yes
CMP4156,Email,Lead Gen,North,06-08-2024,"₹23,173",840977.0,35593.0,4099.0,"₹24,209",Yes
CMP4027,display,Awareness,West,27-12-2024,"₹64,477",1597720.0,20797.0,1426.0,"₹68,610",No
CMP4295,Display ,Awareness,North,25-03-2024,"₹30,442",1315759.0,12774.0,1869.0,"₹28,954",No
CMP4354,Display,Awareness,West,27 Sep 2024,"₹72,602",2351484.0,22239.0,2959.0,"₹70,259",No
CMP4058,SOCIAL,Promo,North,2024/01/23,"₹29,455",944515.0,29986.0,2646.0,"₹25,784",No
CMP4205,Search ,Awareness,North,14-09-2024,"₹60,276",1816350.0,149072.0,21331.0,"₹53,286",Yes
CMP4064,Social,Awareness,North,2024/12/27,"₹80,764",3268000.0,58136.0,3931.0,"₹74,251",No
CMP4082,Email,Promo,East,22-04-2024,"₹72,543",2192998.0,70172.0,7712.0,"₹70,311",Yes
CMP4399,search,Awareness,West,13-07-2024,"₹5,000",216613.0,11221.0,974.0,"₹4,632",Yes
CMP4213,SEARCH,Retargeting,North,26-05-2024,"₹23,939",1179424.0,72192.0,11019.0,"₹23,317",Yes
CMP4253,email,Awareness,West,2024/07/26,"₹8,850",398409.0,17608.0,1683.0,"₹7,937",Yes
CMP4153,DISPLAY,Awareness,South,20-11-2024,"₹65,066",2287855.0,20616.0,1668.0,"₹54,139",No
CMP4048,Display,Lead Gen,East,27-03-2024,"₹71,049",1873988.0,24712.0,2252.0,"₹69,633",No
CMP4208,EMAIL,Retargeting,West,07-12-2024,"₹55,781",1759162.0,63758.0,4351.0,"₹58,658",Yes
CMP4248,Search,Awareness,East,2024/05/16,"₹32,557",969145.0,,4115.0,"₹33,487",Yes
CMP4031,SEARCH,Awareness,East,2024/12/03,"₹35,294",1454691.0,97537.0,7829.0,"₹36,299",Yes
CMP4001,email,Awareness,East,2024/07/02,"₹36,322",1010418.0,61461.0,8697.0,"₹34,214",No
CMP4171,Email,Awareness,West,05-02-2024,"₹39,242",1457226.0,58481.0,3376.0,"₹37,176",No
CMP4271,DISPLAY,Retargeting,East,06-03-2024,"₹55,878",2018251.0,32922.0,2290.0,"₹50,093",No
CMP4013,Display,Retargeting,North,27-03-2024,"₹60,613",2960278.0,26124.0,1688.0,"₹63,742",No
CMP4369,Social ,Lead Gen,North,2024/12/14,"₹63,775",2752795.0,56098.0,666.0,"₹55,071",No
CMP4009,Search,Promo,North,05-06-2024,"₹49,895",1889564.0,139549.0,10261.0,"₹45,372",Yes
CMP4146,SOCIAL,Retargeting,West,2024/12/23,"₹8,858",298455.0,7297.0,652.0,"₹8,460",Yes
CMP4274,search,Retargeting,North,2024/11/12,"₹69,665",2666907.0,113144.0,8092.0,"₹61,609",Yes
CMP4266,Email,Awareness,South,2024/09/17,"₹53,203",1790035.0,55423.0,3167.0,"₹50,891",No
CMP4374,Search,Lead Gen,East,15-03-2024,"₹32,409",970458.0,67428.0,3380.0,"₹27,210",Yes
CMP4095,Email,Promo,South,04-02-2024,"₹100,555",3427226.0,142204.0,11799.0,"₹88,182",Yes
CMP4034,search,Awareness,East,17-03-2024,"₹73,920",2375970.0,137615.0,9938.0,"₹66,709",Yes
CMP4096,Search,Lead Gen,North,19-09-2024,"₹62,816",2648107.0,109634.0,8999.0,"₹52,249",Yes
CMP4391,Display ,Awareness,West,2024/11/05,"₹75,092",2483435.0,22052.0,1983.0,"₹67,921",No
CMP4355,EMAIL,Promo,West,2024/08/27,"₹20,851",339804.0,16466.0,861.0,"₹19,269",Yes
CMP4352,Search ,Retargeting,West,10 Jun 2024,"₹32,329",705416.0,33402.0,1135.0,"₹30,917",Yes
CMP4321,Search ,Promo,North,16-03-2024,"₹73,863",2318567.0,167558.0,12027.0,"₹73,684",Yes
CMP4344,Display ,Lead Gen,East,2024/09/09,"₹10,602",383159.0,4268.0,439.0,"₹9,384",No
CMP4116,Search,Awareness,South,2024/08/12,"₹5,000",116828.0,7168.0,579.0,"₹5,199",Yes
CMP4168,EMAIL,Lead Gen,West,27-01-2024,"₹71,122",2534417.0,71819.0,6999.0,"₹68,995",No
CMP4045,Display,Promo,South,05 Jan 2024,"₹32,460",1037086.0,15603.0,1171.0,"₹28,688",No
CMP4161,search,Awareness,West,2024/11/07,"₹47,055",1523528.0,64608.0,6828.0,"₹45,451",Yes
CMP4223,Search,Promo,West,15-02-2024,"₹35,688",1615553.0,68713.0,4162.0,"₹31,532",Yes
CMP4318,social,Retargeting,West,10-12-2024,"₹80,567",2459622.0,67646.0,3641.0,"₹78,659",Yes
CMP4117,Social,Retargeting,South,03-08-2024,"₹46,952",1455593.0,40618.0,4007.0,"₹42,191",Yes
CMP4077,Social,Promo,West,01-10-2024,"₹95,356",4052852.0,,2302.0,"₹85,556",No
CMP4316,Search,Lead Gen,East,2024/03/31,"₹24,018",579757.0,33352.0,2452.0,"₹22,811",Yes
CMP4063,Search,Retargeting,West,10-10-2024,"₹46,037",1393431.0,74449.0,6717.0,"₹42,803",Yes
CMP4230,DISPLAY,Awareness,South,2024/05/05,"₹51,924",1708699.0,26727.0,876.0,"₹47,759",No
CMP4186,Social ,Awareness,East,13 Feb 2024,"₹49,583",2001871.0,33267.0,2933.0,"₹45,411",No
CMP4269,search,Promo,South,26-08-2024,"₹43,490",1433296.0,83731.0,5648.0,"₹44,794",Yes
CMP4199,email,Retargeting,North,11 Apr 2024,"₹52,027",1797691.0,85656.0,14638.0,"₹49,478",Yes
CMP4273,Social,Promo,West,2024/06/08,"₹48,857",1433255.0,36906.0,1426.0,"₹46,700",No
CMP4121,SEARCH,Awareness,East,12-10-2024,"₹97,142",2480239.0,187993.0,9390.0,"₹84,274",No
CMP4375,SOCIAL,Awareness,North,2024/11/07,"₹25,642",700668.0,18999.0,481.0,"₹25,461",No
CMP4397,display,Retargeting,North,22-05-2024,"₹58,590",2265783.0,28305.0,1835.0,"₹52,029",No
CMP4158,EMAIL,Lead Gen,South,22-01-2024,"₹16,966",594825.0,23192.0,1874.0,"₹15,256",Yes
CMP4085,SOCIAL,Promo,North,20-01-2024,"₹49,920",1819959.0,36024.0,788.0,"₹49,033",No
CMP4225,Social ,Retargeting,East,29-01-2024,"₹23,857",775976.0,14711.0,1716.0,"₹24,092",Yes
CMP4262,Display,Awareness,South,27-10-2024,"₹68,959",1759573.0,19277.0,1769.0,"₹69,991",No
CMP4324,SEARCH,Awareness,West,22-02-2024,"₹57,572",2050959.0,168355.0,10621.0,"₹51,956",No
CMP4076,DISPLAY,Lead Gen,West,07-07-2024,"₹74,226",2745245.0,28438.0,3966.0,"₹71,755",No
CMP4314,Social ,Promo,South,28 Apr 2024,"₹33,223",903301.0,16552.0,1637.0,"₹30,743",Yes
CMP4301,Search ,Promo,North,30-01-2024,"₹47,818",1207013.0,80446.0,2737.0,"₹44,432",Yes
CMP4087,Search,Awareness,North,2024/01/27,"₹43,477",1276318.0,62000.0,6533.0,"₹40,554",Yes
CMP4384,display,Lead Gen,North,02-07-2024,"₹5,000",146036.0,1860.0,80.0,"₹4,385",No
CMP4182,SEARCH,Lead Gen,North,17 Jun 2024,"₹68,678",1114136.0,85331.0,,"₹68,880",Yes
CMP4105,Social,Retargeting,East,24-05-2024,"₹60,325",2130335.0,40806.0,,"₹55,495",No
CMP4049,display,Lead Gen,West,2024/03/10,"₹19,121",646241.0,8529.0,1129.0,"₹17,438",Yes
CMP4005,Email,Awareness,South,14-08-2024,"₹66,331",2402865.0,94210.0,9426.0,"₹53,927",Yes
CMP4017,Email,Retargeting,West,28 Dec 2024,"₹45,814",1034814.0,43682.0,2877.0,"₹42,820",Yes
CMP4234,SEARCH,Awareness,South,11-04-2024,"₹48,968",1269274.0,77930.0,8942.0,"₹46,176",Yes
CMP4322,EMAIL,Lead Gen,East,2024/06/24,"₹72,858",2157064.0,42502.0,3280.0,"₹72,009",Yes
CMP4106,social,Promo,West,2024/09/12,"₹5,000",161254.0,4572.0,632.0,"₹4,393",No
CMP4134,EMAIL,Awareness,South,19-11-2024,"₹50,500",1529963.0,59322.0,8369.0,"₹46,489",Yes
CMP4326,Email,Lead Gen,North,24-06-2024,"₹84,327",3484092.0,141871.0,13187.0,"₹101,114",Yes
CMP4226,search,Awareness,North,20-08-2024,"₹31,274",996926.0,52578.0,3485.0,"₹30,653",Yes
CMP4214,Search,Promo,East,23-04-2024,"₹5,000",145451.0,9493.0,812.0,"₹4,834",Yes
CMP4190,Display ,Promo,East,04-05-2024,"₹64,088",2760898.0,31399.0,3571.0,"₹57,048",No
CMP4357,Email,Promo,East,29-02-2024,"₹43,894",1745904.0,73184.0,5143.0,"₹41,914",Yes
CMP4282,Email,Lead Gen,South,15-08-2024,"₹47,587",1399066.0,56368.0,3228.0,"₹46,147",Yes
CMP4029,Social,Retargeting,West,23-11-2024,"₹65,509",2401476.0,46142.0,3886.0,"₹57,524",Yes
CMP4169,Social ,Awareness,East,02-07-2024,"₹38,758",1608704.0,38351.0,3968.0,"₹35,862",No
CMP4180,EMAIL,Promo,North,28-04-2024,"₹63,493",2196178.0,90704.0,7904.0,"₹65,591",Yes
CMP4100,SEARCH,Awareness,East,2024/01/20,"₹77,554",1633996.0,114011.0,14683.0,"₹74,127",Yes
CMP4197,Search,Promo,North,13-06-2024,"₹53,779",1279896.0,80486.0,3843.0,"₹47,142",No
CMP4209,Display,Retargeting,North,2024/11/15,"₹66,995",2059549.0,18402.0,1301.0,"₹62,573",No
CMP4135,Social,Awareness,North,2024/08/20,"₹64,547",2230898.0,60714.0,4432.0,"₹57,717",No
CMP4380,Search,Retargeting,South,2024/03/03,"₹103,532",2557046.0,128191.0,9121.0,"₹80,497",Yes
CMP4346,display,Promo,South,2024/04/12,"₹69,242",2590578.0,32051.0,3501.0,"₹68,526",No
CMP4198,Email,Lead Gen,West,06-06-2024,"₹5,000",197674.0,,459.0,"₹5,097",Yes
CMP4166,EMAIL,Awareness,North,2024/12/20,"₹40,305",1495447.0,,9006.0,"₹39,971",Yes
CMP4384,display,Lead Gen,North,02-07-2024,"₹5,000",146036.0,1860.0,80.0,"₹4,385",No
CMP4136,Email,Retargeting,North,28-07-2024,"₹18,860",525020.0,23528.0,2357.0,"₹18,124",Yes
CMP4285,Social,Retargeting,North,26 Oct 2024,"₹79,231",3895356.0,68189.0,2580.0,"₹71,744",No
CMP4131,Email ,Retargeting,North,28-11-2024,"₹48,099",1388598.0,48034.0,4619.0,"₹46,345",Yes
CMP4039,SEARCH,Promo,West,2024/11/24,"₹64,828",2159581.0,112972.0,6325.0,"₹63,130",Yes
CMP4215,Search,Awareness,East,17-10-2024,"₹27,565",320637.0,22944.0,2072.0,"₹26,389",Yes
CMP4043,Display,Promo,South,2024/02/26,"₹58,899",2137643.0,26606.0,3003.0,"₹54,647",No
CMP4054,email,Promo,West,2024/04/20,"₹47,704",1483382.0,62872.0,7332.0,"₹40,830",Yes
CMP4387,SEARCH,Promo,West,2024/06/06,"₹47,440",1653280.0,119858.0,8191.0,"₹41,521",Yes
CMP4299,Social,Awareness,East,2024/09/25,"₹66,342",1868597.0,50089.0,,"₹62,067",No
CMP4367,display,Retargeting,West,22-04-2024,"₹58,015",2515517.0,27301.0,1495.0,"₹52,780",No
CMP4304,email,Retargeting,West,2024/05/28,"₹43,592",1482774.0,70224.0,6160.0,"₹41,698",Yes
CMP4035,SEARCH,Lead Gen,South,16-07-2024,"₹48,461",2876771.0,245499.0,19732.0,"₹42,037",Yes
CMP4315,Social ,Promo,East,07-11-2024,"₹49,482",2092594.0,57476.0,7049.0,"₹47,031",No
CMP4309,email,Awareness,South,2024/01/18,"₹45,794",1100704.0,57197.0,5137.0,"₹40,793",Yes
CMP4276,display,Retargeting,East,04-11-2024,"₹13,620",326825.0,2983.0,275.0,"₹14,155",Yes
CMP4124,DISPLAY,Retargeting,West,07-12-2024,"₹54,931",1394907.0,13323.0,1065.0,"₹49,533",No
CMP4142,email,Promo,North,19-12-2024,"₹13,275",379442.0,17802.0,954.0,"₹12,550",Yes
CMP4110,Search ,Retargeting,East,15-07-2024,"₹63,032",1816232.0,112061.0,14009.0,"₹63,975",Yes
CMP4323,Email ,Promo,North,04-04-2024,"₹69,871",1528575.0,56248.0,5431.0,"₹59,097",Yes
CMP4353,Search,Lead Gen,North,05-01-2024,"₹54,743",1163704.0,57052.0,7569.0,"₹55,596",Yes
CMP4107,DISPLAY,Retargeting,West,07 Dec 2024,"₹78,262",2696989.0,39205.0,2322.0,"₹71,255",No
CMP4012,Social,Lead Gen,South,04 Jan 2024,"₹36,139",538925.0,12592.0,872.0,"₹37,462",No
CMP4272,SOCIAL,Promo,South,2024/08/30,"₹54,523",1658384.0,33348.0,4334.0,"₹57,956",No
CMP4047,Social ,Lead Gen,North,2024/03/07,"₹7,921",423237.0,9425.0,648.0,"₹7,742",Yes
CMP4203,Search,Lead Gen,East,09 Sep 2024,"₹5,000",196227.0,,639.0,"₹4,378",Yes
CMP4393,social,Lead Gen,East,2024/03/13,"₹29,244",1239942.0,31733.0,843.0,"₹27,857",Yes
CMP4119,Search ,Awareness,North,06-09-2024,"₹56,808",2474590.0,131953.0,9840.0,"₹57,501",Yes
CMP4021,Email,Retargeting,South,2024/07/12,"₹31,120",948626.0,30595.0,2202.0,"₹29,237",Yes
CMP4083,Display ,Lead Gen,East,05-10-2024,"₹9,120",304869.0,4412.0,358.0,"₹8,170",No
CMP4130,DISPLAY,Lead Gen,East,19-07-2024,"₹5,329",205689.0,2753.0,259.0,"₹4,783",No
CMP4329,Search,Promo,East,29-09-2024,"₹36,787",1451182.0,88326.0,4015.0,"₹36,106",Yes
CMP4229,Search,Promo,South,11-10-2024,"₹34,375",1477243.0,101367.0,7912.0,"₹33,012",Yes
CMP4396,Email,Lead Gen,North,2024/09/01,"₹59,808",2732664.0,116993.0,13654.0,"₹56,559",Yes
CMP4286,SEARCH,Retargeting,South,10-10-2024,"₹38,718",1399538.0,,6270.0,"₹38,482",Yes
CMP4123,SOCIAL,Awareness,South,29-11-2024,"₹55,822",2349459.0,48834.0,6653.0,"₹56,950",No
CMP4033,Email ,Retargeting,West,2024/03/18,"₹39,047",1698486.0,,3942.0,"₹36,523",Yes
CMP4381,SEARCH,Awareness,North,20-07-2024,"₹41,091",1178014.0,60506.0,,"₹36,439",No
CMP4004,DISPLAY,Promo,West,10-10-2024,"₹73,830",2000556.0,25401.0,0.0,"₹62,989",No
CMP4019,SEARCH,Awareness,South,2024/01/19,"₹50,595",2496314.0,146261.0,14835.0,"₹47,674",Yes
CMP4219,social,Lead Gen,East,2024/10/21,"₹34,039",1031050.0,25810.0,1737.0,"₹33,093",Yes
CMP4255,EMAIL,Retargeting,West,18 Dec 2024,"₹37,352",1507453.0,49106.0,3186.0,"₹36,421",Yes
CMP4149,display,Awareness,East,2024/01/11,"₹7,631",256927.0,3909.0,212.0,"₹6,993",No
CMP4224,Display,Lead Gen,East,13-11-2024,"₹85,872",3345037.0,36431.0,,"₹83,350",No
CMP4247,SEARCH,Awareness,North,2024/08/05,"₹40,313",1358903.0,84475.0,8989.0,"₹39,042",No
CMP4358,Display,Retargeting,South,15-11-2024,"₹60,449",1808312.0,30366.0,3545.0,"₹57,094",No
CMP4151,Display,Retargeting,North,2024/08/25,"₹64,007",2396691.0,31670.0,,"₹56,410",No
CMP4317,Display,Awareness,South,06-09-2024,"₹17,982",403940.0,3677.0,259.0,"₹16,097",No
CMP4291,EMAIL,Lead Gen,West,15 Jun 2024,"₹5,000",149652.0,7974.0,254.0,"₹4,555",Yes
CMP4233,social,Promo,South,2024/02/12,"₹46,844",1495648.0,41363.0,3586.0,"₹44,324",No
CMP4010,Search,Lead Gen,South,21-06-2024,"₹122,470",2570777.0,163774.0,17223.0,"₹112,205",Yes
CMP4279,SOCIAL,Lead Gen,East,01-01-2024,"₹16,893",806420.0,21179.0,1967.0,"₹17,386",Yes
CMP4071,search,Lead Gen,West,2024/03/09,"₹46,656",944445.0,58194.0,4803.0,"₹43,722",Yes
CMP4252,EMAIL,Awareness,East,22-03-2024,"₹25,580",723063.0,29843.0,2618.0,"₹24,391",Yes
CMP4092,Email ,Awareness,South,17-07-2024,"₹92,484",4002108.0,130477.0,16682.0,"₹91,493",Yes
CMP4349,SEARCH,Promo,North,25-02-2024,"₹60,010",2450533.0,142794.0,20784.0,"₹63,692",Yes
CMP4192,SOCIAL,Promo,East,2024/06/23,"₹41,343",1572945.0,50311.0,6703.0,"₹38,673",No
CMP4257,SEARCH,Promo,East,21 Jun 2024,"₹97,113",3371503.0,234313.0,12421.0,"₹92,199",Yes
CMP4339,email,Promo,West,2024/05/26,"₹13,193",433252.0,15535.0,772.0,"₹11,642",Yes
CMP4394,Social ,Awareness,West,27-05-2024,"₹18,812",696026.0,19667.0,1386.0,"₹18,099",No
CMP4195,DISPLAY,Awareness,North,22 Oct 2024,"₹30,817",1276358.0,16856.0,613.0,"₹30,348",No
CMP4343,Email,Retargeting,South,2024/12/08,"₹86,683",3942124.0,149525.0,5556.0,"₹79,726",No
CMP4137,Search,Awareness,East,06-03-2024,"₹49,731",1285286.0,93958.0,7754.0,"₹44,172",Yes
CMP4260,Social ,Retargeting,North,2024/12/17,"₹64,234",2845482.0,57404.0,3347.0,"₹57,961",Yes
CMP4038,Display ,Awareness,South,2024/04/05,"₹85,178",2281884.0,25995.0,2772.0,"₹87,831",No
CMP4201,search,Lead Gen,North,2024/11/01,"₹65,929",2533565.0,,7258.0,"₹55,579",Yes
CMP4377,Display,Promo,East,30-08-2024,"₹81,316",3249399.0,35417.0,2514.0,"₹79,321",No
CMP4290,SEARCH,Promo,East,23-01-2024,"₹75,544",2319827.0,104425.0,9597.0,"₹73,927",Yes
CMP4189,Email,Promo,North,29 Feb 2024,"₹35,899",1787420.0,66138.0,5620.0,"₹32,393",Yes
CMP4251,DISPLAY,Retargeting,West,26-08-2024,"₹60,821",1639789.0,21985.0,,"₹57,418",No
CMP4112,Email,Promo,North,2024/12/18,"₹56,048",1018098.0,37017.0,4114.0,"₹45,840",No
CMP4183,Search,Promo,East,2024/06/06,"₹82,911",2922141.0,186509.0,14895.0,"₹82,280",Yes
CMP4152,email,Retargeting,West,2024/03/23,"₹61,015",1900612.0,86349.0,6482.0,"₹61,625",Yes
CMP4312,email,Awareness,West,16-12-2024,"₹31,050",1243992.0,59036.0,3397.0,"₹29,877",No
CMP4325,Email ,Lead Gen,East,2024/09/13,"₹68,100",2471765.0,92378.0,5250.0,"₹70,372",No
CMP4191,EMAIL,Awareness,West,31-08-2024,"₹62,439",2472328.0,115328.0,13717.0,"₹63,868",No
CMP4044,SOCIAL,Promo,North,2024/06/11,"₹44,828",1084389.0,33035.0,2715.0,"₹41,083",No
CMP4275,email,Promo,North,17 Nov 2024,"₹45,028",1546255.0,45619.0,6568.0,"₹40,534",Yes
CMP4006,SEARCH,Retargeting,North,21-05-2024,"₹77,485",4173466.0,237447.0,5674.0,"₹77,265",Yes
CMP4250,social,Promo,North,2024/05/18,"₹61,083",2688627.0,71829.0,3898.0,"₹58,720",No
CMP4311,Social,Lead Gen,North,14-09-2024,"₹46,295",2430293.0,62750.0,2228.0,"₹43,192",No
CMP4075,EMAIL,Retargeting,South,2024/10/01,"₹37,638",1353350.0,49770.0,4716.0,"₹35,285",Yes
CMP4000,EMAIL,Retargeting,West,31-10-2024,"₹36,937",1416907.0,61955.0,7167.0,"₹37,656",Yes
CMP4383,Social ,Awareness,West,31 Jan 2024,"₹76,329",2546368.0,44790.0,4501.0,"₹72,636",No
CMP4068,search,Retargeting,South,02 Jul 2024,"₹52,175",1791527.0,98738.0,10074.0,"₹44,538",Yes
CMP4167,Email,Retargeting,East,17-09-2024,"₹41,323",1903541.0,83397.0,4366.0,"₹34,696",Yes
CMP4218,SEARCH,Promo,North,03-02-2024,"₹55,865",1568159.0,131467.0,13463.0,"₹49,446",Yes
CMP4042,Email,Retargeting,East,21-09-2024,"₹56,532",1116935.0,51151.0,2827.0,"₹55,282",No
CMP4366,Display,Awareness,East,2024/09/04,"₹62,902",2801742.0,29671.0,1026.0,"₹52,711",No
CMP4345,email,Promo,North,28-03-2024,"₹7,750",335075.0,11372.0,1170.0,"₹7,631",Yes
CMP4072,email,Lead Gen,East,2024/04/01,"₹12,763",491287.0,,697.0,"₹10,867",Yes
CMP4023,Social ,Retargeting,North,2024/03/03,"₹58,074",2673869.0,68370.0,4366.0,"₹58,742",No
CMP4185,DISPLAY,Lead Gen,North,23-03-2024,"₹24,417",586691.0,7131.0,808.0,"₹20,273",No
CMP4348,Display,Lead Gen,South,01-01-2024,"₹45,169",1629234.0,17374.0,1722.0,"₹42,107",No
CMP4103,Search,Lead Gen,West,25-08-2024,"₹42,657",1332096.0,77187.0,5623.0,"₹37,588",Yes
CMP4211,Search,Retargeting,South,24-03-2024,"₹70,638",2313777.0,131892.0,11764.0,"₹69,264",Yes
CMP4067,Email ,Awareness,South,25-07-2024,"₹29,053",1139994.0,55822.0,5135.0,"₹28,863",No
CMP4025,display,Retargeting,West,14-08-2024,"₹42,472",889624.0,13632.0,813.0,"₹43,991",Yes
CMP4196,Social,Awareness,South,15-11-2024,"₹55,359",1605610.0,42566.0,3954.0,"₹49,538",No
CMP4175,Social,Awareness,East,17 Jul 2024,"₹51,846",2034392.0,59483.0,4545.0,"₹51,704",No
