reg_no,department,marks,attendance_pct,arrears_count,aptitude_score,communication_score,placed
S0548,B.Sc Physics,49.3,59.0,1,18.0,1.0,0
S0985,B.Com,54.4,81.6,1,47.0,5.3,1
S0713,B.Com,54.7,65.4,1,22.0,3.8,1
S0639,B.Sc Computer Science,64.4,60.4,1,53.0,3.5,0
S0472,B.Sc Computer Science,55.4,60.0,0,25.0,6.6,0
S1150,B.Sc Computer Science,70.2,86.6,0,56.0,8.4,1
S0393,B.Sc Mathematics,52.0,65.5,1,39.0,5.8,1
S1159,B.Sc Mathematics,32.0,47.7,4,17.0,1.0,0
S1022,B.Com,64.5,63.9,1,56.0,4.8,1
S0427,BCA,69.0,77.9,0,41.0,8.5,1
S1133,B.Sc Mathematics,53.5,88.2,1,34.0,3.7,1
S0417,B.Sc Mathematics,72.0,72.8,0,59.0,9.8,1
S0718,B.Com,63.0,65.6,0,51.0,8.3,1
S0979,BCA,40.6,72.4,1,25.0,5.2,0
S0836,B.Sc Mathematics,44.3,42.0,2,24.0,6.0,0
S0829,BCA,70.7,63.4,1,49.0,6.7,1
S0805,B.Com,67.4,80.4,0,72.0,7.8,1
S0748,B.Sc Computer Science,59.5,74.9,1,59.0,6.8,1
S0072,BCA,48.9,76.3,3,38.0,1.0,0
S0699,B.Sc Mathematics,50.4,64.4,2,37.0,2.9,1
S0044,B.Sc Computer Science,57.7,73.2,1,33.0,5.3,0
S1124,B.Sc Mathematics,65.5,84.1,1,33.0,4.2,1
S0926,B.Com,66.9,94.4,0,69.0,6.3,1
S1072,B.Sc Computer Science,56.5,73.6,0,23.0,3.0,1
S1406,B.Sc Physics,73.3,68.1,0,37.0,7.7,1
S0644,B.Com,52.8,72.0,0,42.0,4.4,1
S0279,BCA,64.5,88.4,0,55.0,9.7,1
S0309,B.Sc Computer Science,62.8,67.9,1,66.0,5.8,1
S1264,B.Sc Computer Science,51.4,74.5,0,41.0,3.1,0
S0064,B.Sc Physics,63.1,74.6,0,54.0,8.0,0
S0607,B.Sc Mathematics,69.7,86.7,0,58.0,5.5,1
S0596,B.Com,56.1,76.2,0,28.0,5.8,1
S0096,B.Sc Computer Science,43.5,52.8,3,30.0,2.2,0
S0112,B.Sc Mathematics,67.9,59.9,1,33.0,4.1,1
S0709,B.Sc Physics,52.0,71.6,1,47.0,5.6,0
S1051,B.Sc Computer Science,39.6,75.5,1,47.0,1.4,0
S1316,BCA,74.4,61.3,0,81.0,8.3,1
S0242,B.Sc Computer Science,57.8,59.9,2,34.0,2.6,0
S0331,B.Sc Physics,74.8,72.0,0,72.0,4.7,1
S0705,B.Com,70.9,69.8,0,44.0,8.7,1
S0694,B.Sc Physics,32.9,70.4,5,9.0,1.6,0
S0147,B.Sc Mathematics,54.6,49.8,0,26.0,4.0,0
S0826,B.Com,57.3,79.0,1,53.0,6.8,1
S0873,BCA,65.2,88.3,0,62.0,6.4,1
S1207,B.Com,46.5,83.6,0,44.0,4.8,1
S1052,B.Sc Mathematics,59.2,66.6,2,33.0,5.9,0
S0201,B.Com,59.6,57.1,0,39.0,7.0,1
S0061,BCA,46.9,67.4,4,23.0,3.6,0
S0587,B.Sc Mathematics,51.2,73.9,1,41.0,4.8,0
S0598,B.Sc Computer Science,65.9,84.1,0,59.0,4.8,1
S0716,B.Sc Computer Science,55.8,63.9,0,23.0,4.9,0
S1390,B.Sc Mathematics,47.1,83.8,0,39.0,5.6,0
S1183,B.Sc Physics,46.3,75.3,2,44.0,6.8,0
S0102,B.Com,79.2,89.0,0,67.0,5.0,1
S0879,BCA,58.6,86.8,1,27.0,5.1,1
S0784,B.Com,69.3,69.7,0,48.0,5.0,1
S1356,BCA,65.8,77.6,2,52.0,7.3,1
S0416,B.Sc Mathematics,63.0,67.4,0,49.0,5.7,1
S0326,BCA,64.5,70.9,1,60.0,8.4,1
S0119,B.Sc Mathematics,79.3,80.6,2,68.0,6.2,1
S1064,B.Sc Computer Science,73.6,83.5,0,60.0,2.6,1
S1242,B.Sc Computer Science,50.3,76.2,2,39.0,3.5,0
S0852,B.Com,55.8,78.2,1,57.0,6.6,1
S1432,B.Sc Mathematics,48.0,63.1,1,31.0,3.4,0
S0059,B.Sc Mathematics,46.7,71.1,3,36.0,4.0,0
S1077,B.Sc Computer Science,69.1,80.9,0,61.0,6.5,1
S0128,B.Com,49.7,67.2,0,48.0,4.4,0
S0352,B.Sc Physics,74.1,74.4,1,67.0,8.0,1
S0649,B.Sc Computer Science,52.9,66.3,0,44.0,5.9,1
S0118,B.Sc Physics,68.7,82.0,2,46.0,8.2,1
S0588,B.Sc Computer Science,40.3,42.3,2,43.0,3.6,0
S0190,BCA,72.4,92.1,0,75.0,8.7,1
S1082,BCA,62.4,88.9,0,48.0,4.6,1
S1415,B.Sc Physics,73.4,71.0,0,48.0,5.9,0
S0586,B.Sc Mathematics,89.3,76.1,0,81.0,9.4,1
S0253,B.Sc Computer Science,77.2,71.3,1,66.0,6.5,0
S1243,B.Com,72.0,90.8,0,77.0,7.7,1
S0863,B.Sc Computer Science,49.7,49.1,2,33.0,3.9,0
S0125,B.Com,66.0,69.2,1,50.0,6.5,0
S0010,B.Com,47.1,54.8,1,46.0,4.1,0
S1297,B.Sc Physics,42.5,55.7,1,24.0,4.2,0
S0398,BCA,51.0,69.5,1,48.0,7.1,1
S0563,B.Sc Mathematics,58.9,72.9,1,46.0,5.3,1
S0886,B.Sc Mathematics,66.4,76.6,0,78.0,4.7,1
S1080,BCA,70.1,71.0,0,52.0,6.0,1
S0180,B.Com,59.7,65.1,1,57.0,5.6,1
S0229,B.Sc Mathematics,42.8,70.4,1,35.0,4.7,1
S1152,B.Sc Mathematics,66.5,92.3,0,32.0,9.0,1
S0355,B.Sc Mathematics,67.6,63.9,0,72.0,6.6,0
S1128,BCA,59.0,74.9,1,44.0,6.2,0
S0186,BCA,74.9,96.4,0,81.0,9.6,1
S0452,B.Sc Computer Science,61.7,55.6,1,45.0,6.3,0
S0207,B.Sc Mathematics,43.5,65.6,1,24.0,5.2,1
S0841,BCA,79.2,91.7,0,66.0,8.5,1
S1076,B.Sc Mathematics,51.5,71.2,0,50.0,3.8,1
S0375,B.Sc Mathematics,62.4,75.7,0,47.0,6.7,1
S1375,B.Sc Physics,54.2,74.9,1,40.0,7.3,1
S1187,B.Com,50.8,79.0,2,46.0,5.7,1
S0667,B.Sc Mathematics,47.5,76.6,3,24.0,3.2,0
S0276,B.Sc Computer Science,58.8,78.9,0,43.0,6.0,1
S0505,B.Sc Mathematics,32.0,56.9,3,5.0,1.0,0
S0018,BCA,47.8,65.6,0,32.0,1.8,0
S1146,B.Sc Mathematics,61.2,85.8,0,64.0,6.3,1
S0889,B.Sc Computer Science,34.7,58.5,2,18.0,2.5,0
S1334,B.Sc Computer Science,60.4,74.8,1,57.0,5.2,1
S1009,B.Sc Computer Science,65.1,84.5,1,52.0,6.1,1
S0603,BCA,76.4,95.0,0,59.0,9.1,1
S0542,B.Sc Computer Science,48.4,65.8,0,36.0,2.9,0
S0559,B.Sc Computer Science,43.0,63.6,5,37.0,2.1,0
S1323,B.Sc Computer Science,60.2,70.7,1,48.0,3.9,1
S0325,B.Sc Computer Science,80.0,72.8,0,65.0,9.8,1
S0464,B.Sc Mathematics,38.7,61.5,1,24.0,2.8,0
S0390,B.Sc Physics,38.8,65.3,0,20.0,3.8,1
S0314,B.Com,57.5,64.4,1,48.0,5.1,1
S1341,B.Com,56.5,81.7,1,40.0,3.2,1
S0490,B.Com,65.9,81.1,0,49.0,5.8,1
S0466,B.Sc Computer Science,51.9,53.2,1,45.0,5.5,0
S0531,B.Sc Computer Science,44.1,66.8,0,46.0,4.9,0
S0286,BCA,54.3,71.2,1,36.0,3.1,0
S0984,BCA,73.5,77.7,0,55.0,9.1,1
S0741,B.Sc Computer Science,70.5,89.6,0,51.0,6.4,1
S0359,B.Sc Computer Science,52.6,58.7,0,37.0,3.8,0
S0669,B.Sc Mathematics,48.8,60.6,1,51.0,6.1,0
S1245,B.Sc Physics,72.9,62.0,2,73.0,8.4,1
S0028,B.Sc Computer Science,62.1,52.8,1,43.0,7.0,0
S1184,B.Sc Computer Science,62.1,73.7,0,38.0,6.1,1
S1040,B.Sc Mathematics,67.2,72.7,0,60.0,5.0,1
S0807,BCA,51.1,60.7,3,34.0,4.6,0
S0264,B.Com,53.0,56.1,5,27.0,2.9,0
S1428,B.Sc Mathematics,77.5,82.4,1,64.0,6.7,1
S0024,BCA,53.9,72.7,0,57.0,4.8,1
S0411,BCA,40.7,58.4,2,11.0,3.4,0
S0618,B.Com,65.5,51.1,0,50.0,4.6,0
S0766,B.Sc Mathematics,32.0,66.2,4,30.0,3.5,0
S0937,B.Com,45.1,72.3,0,29.0,3.1,0
S0948,B.Sc Mathematics,32.0,53.1,5,5.0,1.0,0
S0869,BCA,48.3,79.9,0,55.0,2.4,1
S0168,B.Sc Physics,64.6,70.9,0,57.0,7.4,1
S1045,B.Sc Physics,49.7,68.5,0,49.0,4.4,0
S0142,B.Com,53.9,65.4,0,33.0,3.6,0
S0349,B.Com,43.4,74.5,0,35.0,4.0,0
S1289,B.Com,79.6,98.4,0,78.0,8.1,1
S0250,B.Com,46.8,74.9,1,26.0,3.4,0
S0345,B.Sc Computer Science,76.9,97.3,1,62.0,7.9,1
S1106,BCA,62.9,68.9,1,39.0,3.2,1
S0014,B.Sc Computer Science,67.4,79.3,0,55.0,6.9,1
S0109,B.Sc Computer Science,68.2,80.0,0,59.0,6.8,1
S0432,B.Sc Mathematics,66.1,71.1,0,64.0,4.7,1
S0906,B.Sc Physics,75.2,76.7,1,71.0,8.2,1
S1114,B.Com,52.2,58.5,1,38.0,6.7,0
S0379,BCA,71.7,89.1,0,52.0,9.2,1
S0035,B.Sc Mathematics,66.4,69.1,0,43.0,6.2,1
S0205,BCA,33.3,53.9,5,10.0,1.0,0
S0099,B.Sc Computer Science,59.7,68.2,1,38.0,7.4,1
S0211,B.Sc Computer Science,73.6,76.8,1,40.0,5.4,0
S0362,B.Com,58.4,78.0,1,56.0,4.3,1
S0431,B.Com,44.3,77.5,1,33.0,4.0,0
S1068,B.Sc Physics,54.1,76.1,0,42.0,3.9,0
S0415,B.Sc Computer Science,52.2,72.6,2,44.0,5.5,0
S1330,B.Sc Physics,64.6,82.3,1,76.0,4.3,1
S0657,B.Sc Mathematics,52.7,75.2,0,37.0,4.6,1
S1276,B.Sc Mathematics,55.7,74.1,0,50.0,6.9,1
S0975,B.Com,47.4,76.2,1,28.0,4.4,0
S0173,BCA,48.9,66.0,0,42.0,4.3,1
S0025,B.Sc Computer Science,51.4,75.2,0,43.0,2.4,1
S0111,BCA,65.7,61.4,0,52.0,6.5,1
S0016,BCA,43.1,62.7,0,51.0,2.3,0
S1296,B.Sc Computer Science,65.0,71.4,1,67.0,8.7,1
S0904,B.Sc Physics,81.6,80.5,0,65.0,6.6,1
S1282,B.Sc Computer Science,32.0,77.1,2,7.0,4.1,0
S0148,B.Com,50.3,77.5,0,40.0,6.6,1
S0504,B.Sc Computer Science,38.5,43.9,2,34.0,2.3,0
S1395,B.Sc Computer Science,39.2,59.4,2,39.0,1.8,0
S0187,BCA,61.2,57.4,1,49.0,6.1,0
S0682,B.Sc Computer Science,65.4,74.3,1,51.0,8.7,1
S1103,B.Sc Computer Science,63.0,71.7,1,51.0,7.7,1
S0474,B.Sc Computer Science,56.4,49.0,1,44.0,4.4,0
S1012,B.Com,67.5,78.1,1,67.0,5.8,1
S0100,B.Sc Computer Science,58.4,85.6,0,31.0,4.4,0
S0005,B.Sc Computer Science,36.5,56.4,5,22.0,2.6,0
S0465,B.Sc Computer Science,39.1,71.5,2,14.0,2.6,0
S0047,B.Sc Computer Science,71.2,85.7,0,63.0,7.0,1
S0880,BCA,49.7,68.7,0,52.0,6.2,1
S0263,B.Sc Mathematics,59.5,75.0,1,43.0,4.4,0
S0295,B.Com,58.9,64.1,2,48.0,9.4,1
S0451,B.Com,56.6,80.5,1,59.0,5.9,1
S0368,B.Sc Computer Science,42.9,60.9,3,34.0,3.9,0
S0830,B.Com,32.0,48.5,3,10.0,5.9,0
S0957,B.Sc Computer Science,55.3,66.5,2,46.0,5.3,1
S0489,BCA,50.0,72.0,1,23.0,5.4,0
S0285,B.Com,42.9,74.8,0,26.0,1.0,0
S0749,B.Sc Mathematics,59.4,83.2,2,44.0,5.1,1
S1083,BCA,65.1,66.6,0,43.0,5.0,1
S1202,B.Sc Computer Science,56.5,71.6,2,36.0,3.1,0
S0968,B.Com,62.2,61.8,1,28.0,5.1,0
S0114,B.Com,52.8,63.2,4,45.0,3.4,0
S0387,B.Sc Mathematics,50.5,83.1,0,34.0,5.3,1
S0052,B.Com,68.9,72.5,0,50.0,5.6,1
S1145,B.Sc Computer Science,54.2,71.4,0,45.0,2.3,0
S1329,B.Com,61.7,70.9,0,49.0,4.4,1
S0778,BCA,71.0,83.7,0,59.0,7.0,1
S1071,B.Sc Computer Science,52.6,73.3,1,49.0,2.1,1
S0743,BCA,42.8,47.2,0,36.0,5.2,0
S1213,B.Sc Computer Science,52.5,81.2,0,48.0,5.0,1
S0763,B.Sc Computer Science,65.7,77.0,0,50.0,6.1,1
S0976,B.Com,38.1,84.1,0,34.0,3.3,1
S0351,B.Sc Physics,60.0,49.0,1,43.0,6.1,0
S0341,B.Sc Computer Science,39.2,59.3,3,10.0,1.9,0
S0893,B.Com,55.4,69.5,2,39.0,5.4,0
S0373,B.Com,61.1,79.9,0,63.0,6.2,1
S0165,B.Sc Computer Science,68.1,74.1,0,54.0,5.9,1
S0260,B.Sc Computer Science,51.8,69.9,2,34.0,3.8,0
S0894,B.Sc Mathematics,60.9,70.0,0,53.0,5.4,0
S0208,B.Com,40.5,75.9,0,33.0,3.1,0
S0532,BCA,38.5,63.7,1,44.0,2.9,0
S1419,B.Sc Computer Science,76.2,66.3,0,60.0,4.7,1
S1396,BCA,76.7,79.8,0,74.0,8.1,1
S1398,B.Com,54.9,70.8,3,15.0,4.3,0
S0410,B.Sc Mathematics,39.1,69.1,1,15.0,3.8,0
S0329,B.Com,49.7,59.2,2,28.0,4.6,0
S0021,B.Com,53.4,69.6,1,41.0,4.7,0
S0745,B.Sc Computer Science,58.8,57.1,1,48.0,3.8,0
S0433,B.Sc Computer Science,55.8,68.6,2,54.0,5.3,0
S0384,BCA,51.5,71.9,1,32.0,1.5,0
S0413,BCA,48.3,76.1,1,42.0,4.2,1
S0408,B.Com,72.0,62.5,1,64.0,4.0,1
S1178,B.Sc Computer Science,62.8,82.9,1,41.0,5.2,1
S0641,B.Sc Computer Science,38.3,64.5,1,36.0,1.8,0
S1360,B.Sc Computer Science,58.1,69.3,2,49.0,6.6,0
S0027,B.Com,69.0,60.4,2,49.0,5.5,0
S0737,B.Com,71.9,78.7,0,68.0,6.7,1
S0881,B.Sc Mathematics,58.5,77.7,0,48.0,4.7,1
S0666,B.Sc Mathematics,36.3,60.8,3,29.0,2.3,0
S1122,BCA,62.1,66.4,0,50.0,6.2,0
S0998,B.Com,60.8,80.8,1,41.0,4.5,1
S0526,BCA,47.5,77.5,0,34.0,4.3,0
S0468,B.Sc Mathematics,80.1,83.4,0,69.0,7.5,1
S1026,B.Sc Physics,65.0,60.8,1,40.0,3.8,1
S0446,B.Com,43.0,68.1,2,30.0,4.0,1
S0929,B.Com,55.0,65.1,3,27.0,4.7,0
S1219,B.Sc Mathematics,46.8,66.8,0,36.0,2.1,0
S0129,B.Sc Physics,49.7,80.9,0,41.0,3.8,1
S0842,B.Com,61.5,65.6,1,43.0,7.3,0
S0512,B.Sc Mathematics,47.0,63.7,2,32.0,3.5,0
S1131,B.Com,49.8,84.8,1,18.0,4.0,1
S0801,B.Sc Physics,45.9,78.3,0,49.0,3.8,1
S0903,B.Sc Physics,52.1,60.7,0,25.0,1.8,1
S1345,B.Sc Physics,43.5,74.2,1,25.0,1.5,0
S0675,B.Com,71.4,82.2,0,47.0,5.6,0
S1261,B.Com,68.3,85.9,0,57.0,5.4,1
S0877,B.Sc Computer Science,57.0,69.9,1,38.0,4.6,0
S1228,B.Sc Physics,57.4,71.2,0,31.0,5.2,0
S0818,B.Sc Computer Science,59.9,77.3,0,44.0,5.4,1
S1416,B.Sc Computer Science,50.7,71.9,1,17.0,2.8,0
S0703,B.Com,47.0,86.6,0,40.0,3.9,1
S0142,B.Com,53.9,65.4,0,33.0,3.6,0
S0152,B.Sc Mathematics,49.2,51.8,4,14.0,6.2,0
S0947,B.Sc Computer Science,65.5,54.0,0,50.0,5.2,1
S0799,B.Com,66.2,66.9,0,69.0,7.1,1
S1227,B.Sc Mathematics,55.1,80.3,0,49.0,4.9,1
S1338,BCA,67.4,70.2,0,66.0,6.0,1
S0907,B.Sc Physics,54.0,69.6,3,41.0,5.1,0
S1382,BCA,32.0,64.6,3,16.0,1.0,0
S0493,B.Sc Computer Science,48.2,63.5,1,31.0,4.2,1
S0397,B.Com,70.7,81.7,0,68.0,4.6,1
S0370,B.Com,68.1,81.5,0,55.0,5.3,1
S1047,B.Sc Computer Science,55.6,67.6,1,29.0,6.0,1
S1298,B.Sc Physics,52.2,66.2,1,38.0,4.0,0
S1229,B.Sc Mathematics,70.8,76.3,0,57.0,7.2,1
S1263,B.Com,68.0,89.7,1,31.0,5.6,1
S0964,B.Sc Computer Science,65.1,69.9,1,47.0,6.4,1
S0681,B.Com,70.2,79.6,0,56.0,5.0,1
S0482,B.Sc Computer Science,63.6,90.2,0,74.0,7.6,1
S1024,B.Sc Mathematics,63.7,56.5,2,47.0,4.8,0
S1000,B.Com,68.4,76.4,0,50.0,5.6,1
S0700,B.Sc Computer Science,49.8,85.1,0,52.0,4.5,1
S0371,B.Com,63.3,61.3,1,43.0,6.8,0
S1179,B.Sc Computer Science,64.7,70.9,0,50.0,5.5,0
S0327,B.Com,42.9,53.7,5,16.0,3.6,0
S0936,B.Sc Computer Science,61.2,49.7,1,58.0,4.3,0
S0864,B.Sc Computer Science,61.8,82.4,0,39.0,4.6,1
S0171,B.Sc Mathematics,55.3,78.8,2,37.0,4.0,0
S1246,BCA,58.4,75.8,1,44.0,5.7,1
S1038,B.Sc Computer Science,48.9,70.5,1,46.0,4.0,0
S0511,B.Sc Computer Science,36.0,58.4,1,24.0,1.4,0
S0265,B.Sc Computer Science,61.4,75.0,1,49.0,6.1,1
S1029,BCA,53.3,79.6,1,31.0,3.8,0
S1413,B.Sc Computer Science,36.9,81.0,0,14.0,5.5,1
S0810,BCA,66.5,82.9,0,43.0,5.0,1
S0956,BCA,74.3,61.5,0,41.0,7.4,1
S1411,B.Com,51.4,58.8,0,38.0,3.0,0
S0875,B.Com,36.2,72.5,6,19.0,3.8,0
S0721,B.Com,61.3,67.3,0,40.0,5.7,0
S0736,B.Com,63.6,73.2,1,47.0,4.4,0
S1262,B.Sc Computer Science,74.6,65.7,0,55.0,6.0,1
S0732,B.Sc Computer Science,55.2,64.3,0,33.0,7.4,0
S0519,B.Sc Mathematics,59.5,79.8,0,48.0,7.8,1
S0214,B.Sc Mathematics,49.1,59.6,0,39.0,5.8,0
S1431,B.Com,56.5,57.4,1,41.0,4.2,0
S0501,B.Sc Physics,74.0,66.7,1,81.0,6.7,1
S0692,BCA,58.8,83.9,0,38.0,4.1,1
S0653,B.Sc Computer Science,82.2,86.2,0,63.0,9.1,1
S0673,B.Sc Physics,54.8,73.1,0,23.0,2.1,1
S0200,B.Com,60.9,61.7,1,45.0,4.5,0
S1436,B.Sc Mathematics,56.8,54.5,4,33.0,5.3,0
S1344,B.Sc Computer Science,46.8,79.1,0,36.0,4.6,1
S0916,B.Sc Computer Science,70.0,59.3,1,58.0,7.5,0
S0347,B.Sc Computer Science,47.4,83.7,0,25.0,3.3,1
S1417,B.Com,81.3,85.2,0,73.0,8.1,1
S0217,B.Sc Mathematics,69.9,73.8,1,36.0,5.6,1
S1315,B.Com,70.0,83.6,0,40.0,5.3,1
S0254,B.Sc Computer Science,44.3,64.5,1,5.0,1.8,0
S0153,B.Sc Mathematics,34.0,69.9,4,5.0,3.6,0
S0195,B.Sc Computer Science,51.5,68.9,0,29.0,5.2,0
S0508,B.Sc Physics,60.5,65.8,1,64.0,4.9,1
S0859,B.Com,33.7,49.9,3,22.0,3.7,0
S0069,B.Com,70.7,85.3,0,50.0,7.5,1
S0131,BCA,64.3,66.7,0,36.0,5.0,1
S1434,BCA,41.1,53.3,6,24.0,1.3,0
S1204,B.Com,55.2,67.6,0,33.0,4.4,1
S0301,B.Sc Physics,72.6,72.9,0,73.0,8.2,1
S1084,B.Sc Mathematics,56.6,57.8,1,41.0,2.7,0
S1247,B.Sc Computer Science,58.0,61.7,1,28.0,2.5,0
S1433,B.Com,48.6,63.8,0,39.0,3.1,0
S0469,B.Sc Computer Science,72.6,82.9,0,49.0,6.1,1
S0241,BCA,49.9,58.2,3,44.0,3.4,1
S1271,B.Sc Computer Science,73.1,79.9,2,70.0,8.0,1
S0188,B.Com,46.5,73.9,1,31.0,1.0,0
S0706,B.Sc Computer Science,56.4,49.5,1,24.0,5.0,0
S0499,BCA,32.0,58.7,4,16.0,1.0,0
S1042,B.Sc Mathematics,67.3,70.6,0,41.0,5.0,1
S1174,B.Sc Computer Science,44.6,61.2,1,38.0,3.8,0
S0962,B.Sc Computer Science,59.0,82.3,4,62.0,4.7,1
S1368,B.Sc Computer Science,74.9,69.6,1,63.0,6.3,1
S0284,B.Sc Computer Science,66.0,92.4,1,56.0,5.8,1
S0803,B.Sc Computer Science,62.4,61.1,0,42.0,7.2,0
S0604,B.Sc Computer Science,57.0,56.6,1,34.0,4.5,0
S1273,B.Com,55.6,73.6,0,33.0,8.3,0
S0994,BCA,67.0,78.9,0,51.0,5.8,1
S0448,B.Sc Computer Science,54.6,76.6,1,58.0,4.2,0
S0110,B.Sc Computer Science,45.2,59.4,2,36.0,3.3,1
S1302,B.Com,35.4,67.2,2,20.0,3.3,0
S0123,B.Sc Computer Science,69.3,66.4,0,47.0,5.0,1
S0867,B.Sc Computer Science,35.7,83.4,3,31.0,2.2,0
S0281,B.Com,63.0,86.3,0,56.0,5.1,1
S0689,B.Com,55.2,69.3,2,31.0,2.8,0
S0831,B.Sc Mathematics,64.5,84.8,0,33.0,5.8,1
S1142,BCA,34.1,67.0,3,23.0,3.2,0
S0475,B.Sc Computer Science,63.3,90.0,1,40.0,1.7,1
S0364,B.Sc Computer Science,47.5,60.4,1,25.0,3.3,0
S1172,B.Sc Mathematics,36.6,58.1,3,35.0,3.9,0
S1193,B.Com,54.5,63.3,1,36.0,7.3,0
S1078,B.Sc Mathematics,93.3,99.0,0,69.0,10.0,1
S1117,B.Com,75.0,58.3,0,57.0,8.0,1
S1039,B.Sc Computer Science,67.9,80.4,0,51.0,8.6,1
S1126,B.Com,53.6,59.8,1,31.0,5.0,0
S0068,B.Sc Computer Science,54.8,72.0,1,41.0,4.9,0
S0833,B.Sc Computer Science,44.9,71.4,2,18.0,2.0,0
S0621,B.Com,52.1,59.7,1,43.0,2.9,0
S1158,B.Com,74.1,84.9,0,61.0,7.1,1
S0858,B.Sc Computer Science,69.6,74.4,1,50.0,3.9,1
S0800,B.Sc Mathematics,58.8,72.7,1,43.0,4.7,1
S1438,B.Com,32.0,51.4,4,5.0,1.0,0
S0789,B.Sc Computer Science,38.3,82.8,1,21.0,5.5,1
S0620,BCA,76.6,66.5,0,66.0,8.9,1
S0733,B.Com,61.4,77.4,0,50.0,4.7,1
S0319,B.Sc Computer Science,73.5,66.7,0,70.0,5.5,1
S0921,B.Sc Computer Science,53.1,86.8,2,54.0,3.5,1
S0971,BCA,57.5,65.4,1,49.0,5.0,1
S0565,B.Com,72.9,67.3,0,54.0,8.9,1
S1062,B.Sc Physics,72.6,78.6,0,82.0,5.7,1
S0133,B.Sc Mathematics,63.1,72.0,0,62.0,6.1,0
S0759,B.Sc Computer Science,66.1,77.4,0,47.0,5.1,0
S1074,BCA,38.6,66.4,2,21.0,5.2,0
S0714,BCA,59.9,63.0,2,40.0,5.6,0
S0514,B.Sc Computer Science,52.3,62.6,0,32.0,5.2,0
S1281,B.Com,65.1,87.3,0,68.0,7.4,1
S0688,B.Sc Computer Science,69.1,77.5,0,62.0,7.5,1
S0735,BCA,52.7,76.3,0,45.0,5.0,1
S0126,B.Com,59.8,63.9,0,33.0,5.9,0
S1132,B.Com,56.3,71.9,0,48.0,2.2,1
S1090,B.Sc Mathematics,50.3,68.5,0,53.0,8.1,1
S0719,BCA,46.2,68.2,1,38.0,5.2,1
S0783,B.Sc Computer Science,75.8,86.8,1,65.0,6.6,1
S0698,B.Sc Mathematics,48.2,71.5,0,44.0,3.4,1
S0290,B.Sc Computer Science,51.5,69.8,0,33.0,4.3,1
S1163,B.Sc Computer Science,55.1,70.0,1,41.0,4.5,1
S0944,B.Com,70.3,76.5,0,59.0,5.0,1
S1110,B.Sc Physics,63.2,90.7,0,66.0,7.3,1
S0054,B.Sc Computer Science,59.2,69.6,1,39.0,5.4,0
S1198,B.Sc Computer Science,45.6,71.8,3,31.0,2.9,0
S0594,B.Com,42.3,55.3,1,33.0,3.3,0
S0798,BCA,72.4,75.9,0,69.0,5.1,1
S0872,B.Sc Mathematics,44.1,71.3,1,32.0,1.0,0
S0041,B.Sc Computer Science,62.9,81.1,0,56.0,5.3,1
S0340,B.Sc Computer Science,69.2,82.7,0,64.0,5.5,1
S0702,B.Sc Computer Science,64.5,73.0,1,50.0,5.9,1
S0870,B.Sc Computer Science,63.3,69.2,1,25.0,6.2,0
S1328,B.Sc Computer Science,44.5,74.0,2,34.0,1.0,0
S0507,B.Sc Physics,84.5,76.5,1,89.0,8.6,1
S0084,B.Com,50.5,75.4,0,47.0,6.8,1
S0116,B.Sc Mathematics,48.7,68.0,0,38.0,7.2,0
S1401,B.Com,77.3,77.5,1,69.0,7.1,1
S0986,B.Sc Physics,60.0,92.6,0,48.0,6.3,1
S0732,B.Sc Computer Science,55.2,64.3,0,33.0,7.4,0
S1034,B.Com,57.4,75.5,1,43.0,7.1,1
S0665,B.Sc Physics,55.9,62.8,0,47.0,4.9,0
S0271,B.Sc Computer Science,51.3,67.4,0,30.0,2.4,0
S1359,B.Sc Computer Science,53.1,75.5,1,21.0,3.2,1
S1250,B.Sc Mathematics,36.4,49.3,4,39.0,4.5,0
S0572,BCA,60.4,79.4,0,54.0,6.0,1
S0871,BCA,59.8,80.6,0,53.0,5.2,1
S0378,B.Sc Computer Science,43.4,68.6,3,19.0,2.0,0
S1107,B.Com,38.0,59.3,1,33.0,2.6,0
S0097,B.Com,39.9,76.7,0,23.0,1.2,0
S1225,BCA,46.5,63.6,1,34.0,6.0,0
S0453,BCA,71.0,71.5,0,70.0,7.9,0
S1366,B.Sc Mathematics,62.0,67.0,0,71.0,5.3,0
S0557,B.Sc Computer Science,46.8,74.7,1,40.0,1.2,0
S0049,B.Com,59.4,77.6,0,47.0,5.4,1
S0772,B.Sc Physics,74.1,89.2,0,61.0,6.6,1
S1116,B.Com,55.8,66.3,0,53.0,6.8,1
S1054,B.Sc Physics,89.8,75.8,0,75.0,9.8,1
S0154,B.Sc Mathematics,54.3,67.6,1,39.0,8.2,0
S0238,B.Sc Computer Science,55.5,76.2,1,50.0,7.3,1
S0055,B.Sc Computer Science,49.4,70.6,0,48.0,3.3,0
S0395,B.Sc Computer Science,57.1,77.7,0,51.0,6.2,0
S0124,B.Sc Computer Science,66.0,65.2,1,60.0,9.2,1
S0356,B.Com,63.0,76.5,1,49.0,6.9,1
S0135,B.Com,46.3,55.2,3,39.0,2.7,0
S0269,B.Sc Mathematics,66.6,72.9,0,39.0,5.8,1
S0386,B.Sc Computer Science,51.0,75.9,0,15.0,4.0,0
S0098,B.Sc Mathematics,46.5,54.6,1,33.0,4.1,0
S0221,BCA,51.0,94.9,0,41.0,6.7,1
S0042,BCA,65.0,80.9,0,59.0,7.1,1
S1299,B.Sc Physics,35.8,85.9,1,27.0,2.5,0
S0518,B.Sc Mathematics,49.3,54.1,6,35.0,3.6,0
S0861,BCA,40.1,59.9,2,30.0,2.8,0
S0502,B.Sc Computer Science,69.3,74.4,0,56.0,7.7,1
S1059,B.Sc Physics,59.6,67.1,0,44.0,4.4,0
S0488,B.Sc Mathematics,61.5,63.3,0,55.0,7.1,0
S1097,B.Com,76.8,76.0,1,69.0,7.3,1
S0013,BCA,58.3,78.4,0,30.0,6.2,1
S0455,B.Sc Computer Science,59.0,69.1,0,44.0,6.5,1
S0569,B.Sc Computer Science,61.6,83.7,0,43.0,4.0,1
S0977,B.Sc Computer Science,65.0,68.4,0,49.0,5.0,1
S0756,B.Sc Computer Science,64.7,63.1,3,52.0,4.6,0
S0882,B.Com,71.8,85.0,0,53.0,7.7,1
S0965,B.Com,58.0,66.2,1,28.0,6.1,1
S0638,BCA,45.5,57.1,2,20.0,6.1,0
S0913,B.Com,62.4,72.2,0,51.0,6.8,1
S1323,B.Sc Computer Science,60.2,70.7,1,48.0,3.9,1
S0652,B.Com,55.2,69.8,0,41.0,4.2,1
S0255,B.Sc Physics,52.9,65.3,2,42.0,3.6,0
S0611,B.Sc Mathematics,41.2,75.9,0,21.0,3.5,0
S1327,B.Sc Physics,61.3,52.0,3,54.0,3.2,0
S0834,BCA,54.2,83.4,1,55.0,7.3,1
S0547,B.Sc Mathematics,62.0,70.6,0,55.0,4.3,0
S0485,B.Sc Computer Science,59.6,69.2,0,48.0,4.7,1
S1237,BCA,63.4,85.9,0,45.0,3.7,1
S0337,BCA,44.7,53.7,1,24.0,5.6,0
S0233,B.Sc Physics,68.7,71.6,1,49.0,4.1,1
S1267,B.Sc Mathematics,49.2,68.3,0,41.0,4.5,0
S1239,B.Sc Mathematics,61.6,58.3,0,61.0,7.6,0
S0685,B.Sc Computer Science,59.4,70.6,2,43.0,6.6,1
S0738,B.Com,63.7,78.6,2,60.0,4.5,0
S0631,B.Sc Mathematics,78.0,82.7,0,66.0,4.9,1
S0298,B.Com,54.7,64.0,2,43.0,3.1,0
S1174,B.Sc Computer Science,44.6,61.2,1,38.0,3.8,0
S1331,B.Com,37.5,71.8,1,15.0,1.9,0
S0684,B.Sc Mathematics,51.5,71.8,2,69.0,6.1,1
S0206,BCA,60.8,66.8,0,38.0,6.3,0
S0004,B.Sc Computer Science,73.5,89.1,0,52.0,8.0,1
S1180,B.Com,62.1,84.1,0,45.0,4.4,1
S0703,B.Com,47.0,86.6,0,40.0,3.9,1
S1231,BCA,54.5,77.9,1,34.0,3.3,1
S1339,B.Sc Computer Science,95.6,90.0,0,86.0,9.9,1
S1201,B.Com,48.4,72.9,0,17.0,3.5,1
S1300,B.Sc Computer Science,43.8,80.3,0,28.0,3.8,0
S1095,B.Sc Computer Science,47.8,73.3,4,33.0,4.2,1
S1295,B.Com,56.0,76.6,0,45.0,8.3,1
S0740,B.Sc Mathematics,32.1,57.4,3,17.0,2.6,0
S0888,B.Sc Mathematics,55.3,77.1,0,34.0,3.6,1
S1157,B.Sc Computer Science,67.9,78.0,0,40.0,1.3,1
S1408,BCA,62.1,67.9,0,64.0,7.1,1
S0961,BCA,69.6,70.0,0,86.0,8.5,1
S0566,B.Sc Physics,64.7,83.4,0,48.0,6.3,1
S0883,BCA,47.1,71.2,0,28.0,1.3,0
S0758,B.Sc Computer Science,73.4,76.9,0,38.0,8.0,1
S1404,B.Sc Physics,50.5,89.6,1,16.0,5.6,1
S0661,B.Com,40.2,67.9,1,33.0,6.6,0
S0158,BCA,68.4,76.7,0,50.0,6.3,1
S1048,B.Sc Mathematics,57.6,89.8,1,56.0,9.6,1
S1290,B.Com,69.3,68.2,2,62.0,4.1,1
S0463,B.Sc Physics,48.1,64.7,2,26.0,3.6,0
S0141,B.Sc Mathematics,57.0,85.5,0,40.0,6.2,1
S0161,B.Sc Mathematics,53.1,67.5,2,46.0,3.6,0
S0306,BCA,40.3,62.0,3,32.0,4.5,0
S1125,B.Sc Computer Science,62.4,85.4,1,46.0,5.0,1
S0674,B.Com,35.8,63.7,2,40.0,5.7,0
S1338,BCA,67.4,70.2,0,66.0,6.0,1
S0396,B.Com,54.4,80.8,1,41.0,4.1,1
S0573,B.Sc Mathematics,69.6,73.7,1,34.0,6.0,1
S0400,B.Com,48.4,61.7,1,30.0,1.0,0
S1003,B.Sc Computer Science,54.9,59.0,4,46.0,4.2,0
S1313,B.Sc Computer Science,53.2,42.9,3,40.0,5.0,0
S0651,B.Sc Computer Science,85.4,82.4,0,82.0,7.6,1
S1189,BCA,64.3,69.4,0,77.0,3.8,1
S1027,B.Sc Computer Science,32.0,51.7,4,14.0,1.2,0
S0225,BCA,58.7,84.6,0,53.0,4.3,1
S0288,B.Sc Mathematics,55.8,73.8,1,59.0,5.1,1
S1251,BCA,73.2,70.6,0,69.0,8.6,1
S0888,B.Sc Mathematics,55.3,77.1,0,34.0,3.6,1
S0817,B.Com,50.4,74.4,0,25.0,3.7,1
S0972,B.Com,53.5,80.1,0,26.0,6.4,1
S0541,B.Com,39.5,57.4,2,38.0,2.4,0
S0458,B.Sc Computer Science,50.9,65.4,1,38.0,4.8,0
S1018,B.Sc Computer Science,63.0,69.7,0,46.0,7.8,0
S0479,B.Sc Physics,53.5,67.5,0,40.0,4.3,0
S1175,B.Sc Computer Science,59.6,60.1,2,65.0,2.0,0
S1384,B.Sc Computer Science,60.1,62.9,0,36.0,4.1,0
S0610,B.Sc Mathematics,62.9,70.5,0,41.0,7.8,1
S1222,B.Sc Computer Science,73.0,74.8,1,63.0,6.5,1
S0348,B.Com,64.2,65.8,0,48.0,7.6,1
S0447,BCA,72.4,64.5,0,54.0,5.7,1
S1337,B.Sc Mathematics,68.6,70.2,0,46.0,5.4,1
S0380,B.Sc Computer Science,51.4,67.5,1,27.0,5.0,0
S1294,B.Sc Computer Science,32.0,63.7,3,25.0,3.7,0
S0612,B.Com,56.3,59.2,3,63.0,3.1,0
S0582,B.Sc Computer Science,38.9,59.9,2,46.0,2.5,0
S0232,B.Sc Mathematics,57.0,53.0,1,36.0,1.9,0
S0383,B.Com,41.9,65.3,0,37.0,4.1,1
S0670,B.Sc Mathematics,32.3,64.0,0,22.0,1.8,0
S0073,B.Sc Mathematics,46.6,69.6,0,40.0,2.3,0
S0071,B.Com,38.7,66.7,5,31.0,4.5,0
S0672,BCA,55.7,77.1,1,64.0,5.1,0
S0172,B.Sc Mathematics,58.7,68.2,0,46.0,4.7,0
S0169,B.Com,60.3,71.3,1,46.0,4.7,1
S0494,B.Sc Physics,60.4,84.6,0,59.0,4.2,1
S1129,B.Com,51.5,61.9,1,25.0,3.7,0
S0739,B.Com,41.7,68.7,3,17.0,2.6,0
S0273,B.Com,58.8,77.7,0,46.0,7.6,1
S0919,B.Sc Physics,76.8,85.6,1,67.0,7.9,1
S0421,BCA,61.5,76.6,1,43.0,4.8,1
S0095,B.Sc Computer Science,40.0,78.7,0,13.0,5.0,0
S1017,B.Com,52.4,83.9,0,54.0,5.6,1
S1190,B.Com,46.5,72.8,0,39.0,5.7,0
S0043,B.Com,45.0,67.8,0,37.0,6.2,0
S0057,B.Sc Mathematics,47.0,66.4,0,44.0,5.0,1
S1194,B.Com,72.6,73.2,1,53.0,9.4,1
S0678,B.Sc Computer Science,64.5,78.6,0,62.0,6.3,1
S0039,B.Sc Computer Science,44.3,62.5,1,31.0,1.4,0
S0307,B.Com,49.9,63.2,0,47.0,8.2,0
S0701,BCA,73.1,73.6,0,53.0,7.9,1
S1063,B.Com,49.2,74.8,1,32.0,5.6,0
S0409,B.Sc Physics,34.2,59.9,1,17.0,2.0,0
S0167,B.Sc Computer Science,70.4,88.6,0,63.0,8.5,1
S0535,B.Sc Computer Science,35.8,51.9,2,24.0,2.7,0
S0862,B.Sc Computer Science,38.7,56.9,5,19.0,3.1,0
S1422,B.Com,60.6,81.1,1,44.0,5.4,0
S1179,B.Sc Computer Science,64.7,70.9,0,50.0,5.5,0
S1412,B.Sc Physics,75.4,95.4,1,76.0,6.2,1
S1280,B.Sc Computer Science,57.7,60.6,0,47.0,3.0,0
S0622,B.Sc Computer Science,64.3,83.7,0,57.0,3.7,1
S0317,B.Sc Mathematics,52.9,72.0,1,47.0,3.8,0
S0908,B.Sc Computer Science,44.1,58.5,1,27.0,2.5,0
S1363,B.Sc Computer Science,34.2,68.3,1,21.0,1.0,0
S0517,B.Sc Physics,61.3,73.8,0,49.0,6.1,1
S0659,B.Sc Computer Science,75.2,68.8,0,80.0,8.6,1
S0534,B.Sc Computer Science,61.4,80.1,0,63.0,6.5,1
S0650,B.Sc Physics,53.2,75.3,0,46.0,4.3,1
S0599,B.Sc Mathematics,65.8,66.5,1,47.0,5.2,0
S0792,B.Sc Mathematics,46.6,55.7,2,31.0,2.1,0
S0549,B.Sc Mathematics,74.2,78.9,0,43.0,3.7,0
S0454,B.Sc Computer Science,79.1,68.4,0,61.0,10.0,1
S0817,B.Com,50.4,74.4,0,25.0,3.7,1
S1380,B.Sc Mathematics,72.5,78.2,0,66.0,7.0,1
S0571,B.Sc Physics,35.0,56.7,3,41.0,6.3,0
S1266,B.Sc Computer Science,48.4,70.7,2,60.0,6.6,0
S0062,B.Sc Physics,60.0,66.6,1,45.0,4.9,0
S1308,BCA,69.9,54.9,0,46.0,7.0,1
S0537,B.Com,52.6,47.3,3,57.0,5.7,0
S0858,B.Sc Computer Science,69.6,74.4,1,50.0,3.9,1
S1016,B.Sc Computer Science,39.6,62.6,0,34.0,3.1,1
S0245,B.Com,82.5,80.2,0,70.0,7.3,1
S0026,B.Sc Computer Science,54.3,72.1,0,52.0,4.1,1
S0223,B.Sc Physics,63.5,63.8,1,53.0,5.0,1
S0914,B.Sc Computer Science,54.4,79.5,0,28.0,5.0,1
S0106,B.Sc Computer Science,53.7,72.3,1,47.0,4.5,0
S1166,B.Sc Computer Science,47.9,63.8,1,22.0,6.8,1
S0510,B.Sc Computer Science,60.8,82.1,0,56.0,7.6,1
S0132,B.Sc Computer Science,41.3,61.9,1,25.0,3.4,0
S0445,BCA,58.3,59.4,1,44.0,2.6,1
S0643,BCA,79.2,74.6,0,76.0,8.0,1
S0509,B.Com,44.9,67.8,0,21.0,4.0,1
S1429,BCA,66.7,72.6,0,37.0,2.8,0
S0076,B.Sc Physics,61.0,78.4,0,53.0,8.5,1
S0037,B.Com,63.8,92.1,0,39.0,4.7,1
S1319,BCA,32.5,71.9,2,26.0,2.5,0
S0058,BCA,80.8,69.9,0,61.0,4.6,1
S0197,B.Com,65.0,64.7,2,62.0,6.4,1
S1238,B.Sc Mathematics,68.7,81.3,1,58.0,6.5,1
S0708,B.Sc Mathematics,65.1,81.7,0,28.0,6.8,1
S0838,B.Sc Computer Science,75.7,96.9,0,55.0,9.2,1
S1317,BCA,57.0,78.1,0,41.0,3.5,1
S0478,B.Sc Computer Science,43.1,78.1,1,21.0,2.2,1
S0087,B.Sc Mathematics,59.2,76.8,0,48.0,4.5,0
S0562,B.Sc Computer Science,61.9,69.6,1,56.0,8.2,1
S0335,B.Sc Mathematics,62.9,81.9,1,56.0,5.4,1
S1088,B.Sc Mathematics,36.3,61.1,3,22.0,2.7,0
S0952,B.Sc Mathematics,72.6,85.0,0,53.0,5.0,1
S0900,B.Com,32.6,73.5,2,12.0,4.4,0
S1160,BCA,41.6,68.5,2,32.0,5.5,0
S1165,B.Sc Mathematics,42.8,80.0,1,34.0,2.7,0
S0539,B.Com,32.3,69.8,1,5.0,4.0,0
S0761,BCA,64.7,69.7,0,52.0,3.6,1
S0419,B.Com,55.3,78.5,2,46.0,3.7,0
S0946,BCA,52.9,64.7,2,29.0,5.6,0
S1400,B.Sc Computer Science,38.2,67.4,2,37.0,1.4,0
S0987,B.Sc Mathematics,44.4,82.3,0,41.0,4.2,1
S0574,B.Com,51.3,63.5,2,45.0,2.4,0
S0636,B.Sc Computer Science,53.5,69.4,0,42.0,4.1,0
S1268,B.Sc Computer Science,74.3,55.9,2,69.0,5.6,1
S0333,B.Com,53.5,59.8,1,46.0,2.6,0
S0045,B.Com,56.2,69.1,1,56.0,3.8,0
S0575,BCA,66.7,82.0,1,60.0,6.9,1
S1283,B.Com,38.2,50.3,4,7.0,1.2,0
S1096,BCA,72.8,79.5,0,76.0,5.9,1
S1091,BCA,44.4,81.7,1,49.0,4.3,1
S1364,BCA,64.1,64.6,0,67.0,6.9,1
S1209,B.Sc Mathematics,81.1,85.2,1,72.0,7.3,1
S1440,BCA,83.9,65.7,0,43.0,6.4,0
S1173,B.Sc Computer Science,58.5,65.6,2,42.0,6.8,1
S0009,B.Sc Computer Science,56.0,72.0,0,46.0,2.6,0
S0922,BCA,45.1,56.3,2,35.0,3.2,0
S1286,B.Com,62.1,64.6,0,53.0,4.9,0
S0899,B.Com,62.9,87.0,0,64.0,4.4,1
S1011,B.Sc Mathematics,38.9,63.0,2,37.0,6.5,0
S1274,B.Com,58.3,66.5,0,45.0,6.0,1
S0075,BCA,50.0,53.9,0,56.0,4.1,0
S0849,B.Sc Physics,51.5,80.7,2,44.0,3.6,0
S0523,BCA,69.5,69.9,2,61.0,9.2,1
S0336,B.Com,46.7,67.7,2,17.0,3.7,0
S0570,B.Sc Mathematics,59.9,83.3,1,44.0,4.6,0
S0591,B.Sc Computer Science,37.6,72.7,3,34.0,4.2,0
S0089,B.Com,72.4,57.0,2,42.0,5.0,0
S0729,B.Sc Physics,49.0,60.1,2,40.0,6.1,1
S0218,B.Com,69.8,66.1,0,65.0,7.8,1
S1372,B.Com,65.2,71.8,0,42.0,5.3,1
S0174,B.Sc Physics,44.2,61.9,0,47.0,2.4,0
S1378,B.Sc Computer Science,65.0,77.4,1,57.0,4.2,1
S0222,B.Sc Mathematics,58.3,65.6,0,59.0,4.8,1
S0320,B.Sc Computer Science,43.2,63.7,3,29.0,4.6,0
S1304,B.Sc Computer Science,76.9,54.0,1,63.0,6.1,1
S1346,B.Com,85.3,84.4,0,72.0,8.0,1
S0996,B.Sc Computer Science,63.7,70.9,0,45.0,7.4,1
S0267,B.Sc Computer Science,63.5,71.4,1,49.0,6.6,1
S0007,B.Sc Physics,61.7,96.2,1,51.0,4.4,1
S0780,B.Sc Mathematics,43.7,48.6,5,31.0,5.5,0
S0139,B.Sc Mathematics,81.7,62.0,0,64.0,6.2,1
S0164,BCA,46.7,57.3,0,57.0,3.6,0
S1232,B.Sc Computer Science,48.2,77.0,0,30.0,5.7,1
S0595,B.Com,38.0,71.6,0,27.0,3.4,1
S1414,B.Sc Computer Science,77.6,80.7,0,67.0,9.7,1
S1322,B.Com,42.9,47.6,2,22.0,4.9,0
S1087,B.Sc Physics,38.1,57.0,1,31.0,2.5,0
S1424,BCA,70.7,99.0,0,65.0,7.0,1
S0524,B.Sc Computer Science,60.6,64.0,1,38.0,4.4,1
S0846,B.Sc Mathematics,68.3,73.7,0,46.0,3.2,0
S1288,B.Sc Computer Science,53.1,71.0,0,59.0,4.6,1
S0579,B.Sc Computer Science,54.2,76.8,0,52.0,7.8,1
S0240,BCA,46.6,61.3,1,38.0,7.6,0
S0020,B.Com,61.1,73.5,2,37.0,5.3,1
S0782,B.Com,58.9,72.6,0,49.0,6.1,0
S0634,B.Sc Computer Science,41.5,51.6,2,5.0,1.3,0
S0755,BCA,76.9,88.3,0,68.0,8.2,1
S0619,B.Sc Computer Science,50.2,67.1,0,18.0,2.6,0
S0769,B.Com,50.1,63.8,1,24.0,2.7,0
S0656,B.Sc Computer Science,55.5,77.2,0,44.0,7.7,1
S0811,B.Sc Mathematics,59.0,58.4,0,64.0,5.7,0
S1429,BCA,66.7,72.6,0,37.0,2.8,0
S0138,B.Sc Mathematics,72.0,83.5,0,58.0,5.2,1
S0558,B.Sc Physics,47.1,68.5,3,37.0,2.4,0
S1226,B.Sc Physics,67.3,83.2,0,56.0,8.2,1
S0717,B.Sc Computer Science,38.9,69.7,3,18.0,3.1,0
S1118,B.Sc Computer Science,52.9,76.5,1,35.0,5.1,1
S1277,B.Com,53.0,68.9,0,37.0,5.0,1
S0369,B.Sc Computer Science,64.2,72.5,1,50.0,4.8,1
S1409,B.Sc Computer Science,57.3,83.5,1,41.0,8.5,1
S1325,B.Sc Computer Science,66.8,73.9,0,45.0,6.2,1
S0328,B.Sc Physics,58.7,75.0,0,41.0,5.0,1
S0318,B.Sc Computer Science,49.4,82.0,0,42.0,3.6,1
S1140,B.Sc Mathematics,58.1,87.1,0,61.0,5.7,1
S1105,B.Sc Computer Science,42.3,69.1,2,24.0,3.3,0
S0529,BCA,63.1,66.6,0,37.0,5.2,0
S0527,B.Com,77.2,85.6,0,62.0,8.6,1
S0088,B.Sc Mathematics,55.1,71.8,0,41.0,5.6,1
S0480,B.Com,87.3,71.8,0,86.0,8.5,1
S0339,B.Sc Computer Science,80.8,66.2,0,60.0,7.2,1
S0757,B.Com,46.7,67.6,1,37.0,3.0,0
S0658,B.Sc Physics,58.4,69.0,0,49.0,4.7,0
S0149,B.Sc Computer Science,65.9,80.5,0,56.0,8.0,1
S1212,B.Sc Computer Science,52.9,56.9,4,45.0,4.2,0
S1383,B.Sc Computer Science,52.4,78.5,1,26.0,5.6,0
S0029,BCA,57.1,64.5,1,48.0,5.1,1
S0247,B.Sc Physics,45.7,48.1,4,50.0,3.4,0
S0366,B.Sc Mathematics,75.8,61.0,0,54.0,6.9,1
S0752,B.Sc Mathematics,60.1,62.7,1,33.0,3.4,0
S1253,B.Sc Mathematics,50.8,60.3,3,40.0,4.2,1
S1127,B.Sc Computer Science,76.1,75.7,0,75.0,8.5,1
S0199,B.Sc Mathematics,52.3,70.7,0,41.0,3.0,0
S1202,B.Sc Computer Science,56.5,71.6,2,36.0,3.1,0
S1217,BCA,40.6,60.7,1,12.0,4.2,0
S0405,B.Sc Physics,60.4,65.3,1,47.0,5.8,1
S0790,B.Sc Computer Science,57.0,76.2,0,47.0,5.8,1
S0484,B.Sc Mathematics,60.2,88.5,0,31.0,6.8,1
S0159,B.Sc Mathematics,48.8,85.5,0,38.0,5.4,1
S0316,B.Sc Computer Science,59.5,70.1,0,43.0,5.4,0
S0257,B.Com,68.5,66.5,0,60.0,6.4,1
S0008,B.Sc Mathematics,55.2,84.7,0,37.0,2.5,1
S1023,B.Sc Mathematics,55.7,73.4,0,53.0,7.4,1
S0385,B.Sc Computer Science,38.2,59.8,1,24.0,2.7,0
S0178,B.Sc Computer Science,57.6,48.8,0,39.0,7.3,1
S0747,B.Com,78.0,70.9,0,73.0,6.5,0
S0315,B.Com,66.6,86.6,0,44.0,9.8,1
S0358,BCA,64.3,75.8,1,69.0,4.5,1
S0299,B.Sc Computer Science,41.5,68.5,4,24.0,2.2,0
S0456,B.Sc Computer Science,58.5,71.4,0,34.0,4.3,0
S0544,B.Sc Mathematics,51.6,71.3,3,25.0,4.2,0
S0663,B.Sc Computer Science,47.4,53.8,0,38.0,4.9,0
S0597,B.Com,42.7,57.8,0,36.0,2.1,0
S0699,B.Sc Mathematics,50.4,64.4,2,37.0,2.9,1
S0896,BCA,65.3,75.0,0,52.0,9.5,1
S0528,B.Com,67.0,74.8,0,53.0,6.2,1
S1252,B.Com,71.2,70.0,1,82.0,10.0,1
S0160,B.Com,44.6,58.9,2,26.0,5.0,0
S1154,B.Com,54.5,73.1,2,39.0,4.4,1
S0361,B.Sc Computer Science,61.3,78.1,1,52.0,6.2,0
S1318,B.Sc Computer Science,54.8,81.8,0,49.0,6.4,1
S0203,B.Sc Computer Science,60.0,52.4,2,47.0,7.5,0
S1065,B.Com,56.5,85.3,1,26.0,5.2,1
S0770,B.Com,76.7,86.4,0,73.0,7.9,1
S0113,B.Com,51.2,66.6,0,39.0,1.8,0
S0884,B.Sc Computer Science,47.8,60.6,1,28.0,2.7,0
S0308,B.Sc Computer Science,69.0,84.9,0,63.0,5.5,1
S0839,B.Sc Physics,80.3,74.4,0,66.0,6.7,1
S0423,B.Sc Computer Science,55.7,79.8,1,52.0,4.3,1
S1371,B.Sc Computer Science,40.1,67.1,4,24.0,1.0,0
S1426,B.Sc Computer Science,48.0,61.0,2,38.0,1.6,0
S1169,B.Sc Computer Science,52.7,72.1,0,30.0,6.1,1
S0460,B.Sc Mathematics,50.4,63.3,0,44.0,3.0,0
S0973,B.Sc Computer Science,54.4,60.9,0,49.0,4.8,0
S1293,B.Sc Computer Science,54.0,80.8,0,36.0,4.9,1
S0814,B.Sc Mathematics,46.5,44.0,1,49.0,3.1,0
S1347,B.Sc Computer Science,63.4,75.2,0,34.0,4.3,1
S0450,B.Sc Computer Science,61.0,85.6,0,55.0,7.3,1
S1171,B.Sc Physics,49.4,51.4,7,28.0,6.0,0
S0680,B.Sc Computer Science,52.4,73.3,0,38.0,3.8,0
S0693,B.Com,70.1,67.6,0,75.0,6.1,1
S1181,B.Sc Mathematics,44.6,57.4,3,23.0,1.7,0
S0081,B.Sc Mathematics,57.3,63.9,0,57.0,6.6,1
S1307,B.Sc Physics,48.8,77.1,0,22.0,5.0,1
S1367,BCA,46.6,86.9,0,23.0,5.1,1
S1358,B.Com,53.4,69.0,0,31.0,9.2,0
S0216,B.Sc Computer Science,63.9,66.2,0,73.0,6.4,1
S0949,BCA,63.3,86.4,0,41.0,5.7,1
S0031,BCA,79.4,83.2,0,77.0,7.8,1
S0243,B.Com,41.8,59.9,4,38.0,4.1,0
S0978,B.Sc Mathematics,53.5,64.6,0,41.0,5.3,1
S0642,BCA,65.9,81.6,0,79.0,7.4,1
S0697,B.Sc Mathematics,34.0,57.7,3,23.0,2.5,0
S0210,B.Sc Physics,58.7,71.1,0,32.0,5.8,0
S1410,B.Com,65.5,76.6,0,56.0,5.5,1
S0771,B.Sc Computer Science,83.5,88.8,0,58.0,5.6,1
S0753,B.Sc Mathematics,43.9,67.2,3,20.0,5.1,0
S1303,B.Sc Computer Science,58.4,71.5,0,46.0,7.1,1
S0436,B.Com,55.2,51.3,0,34.0,5.4,0
S1310,B.Com,63.7,84.9,0,67.0,3.4,1
S1402,B.Sc Computer Science,43.0,82.7,0,30.0,5.2,1
S1405,B.Sc Computer Science,49.8,64.3,0,41.0,5.5,0
S1365,B.Sc Mathematics,54.8,58.6,3,29.0,4.7,0
S0689,B.Com,55.2,69.3,2,31.0,2.8,0
S0552,BCA,70.4,80.1,1,51.0,5.7,0
S0545,B.Sc Physics,67.9,60.4,0,37.0,7.5,0
S1043,B.Com,60.7,86.1,0,52.0,4.0,1
S1050,B.Sc Computer Science,59.4,82.3,1,37.0,5.5,1
S0857,B.Sc Physics,59.5,99.0,0,46.0,6.1,1
S1196,BCA,75.9,90.2,0,47.0,9.2,1
S0404,B.Sc Computer Science,59.5,56.2,1,41.0,7.1,0
S1361,B.Sc Physics,54.0,65.5,3,35.0,2.3,1
S0363,B.Com,70.2,72.0,0,70.0,6.0,1
S0272,B.Com,57.4,62.2,3,51.0,1.9,0
S0467,B.Sc Computer Science,55.9,64.8,0,26.0,4.0,1
S1335,B.Sc Computer Science,62.0,68.2,1,50.0,9.0,0
S0203,B.Sc Computer Science,60.0,52.4,2,47.0,7.5,0
S0931,BCA,59.3,62.7,0,35.0,7.9,1
S0278,B.Sc Mathematics,44.6,63.4,1,46.0,3.2,0
S1333,B.Sc Physics,70.1,78.1,0,52.0,4.4,1
S1420,B.Com,57.5,70.1,0,40.0,2.3,1
S0955,BCA,56.6,58.1,2,41.0,2.7,0
S0442,B.Sc Mathematics,60.2,98.1,0,64.0,2.2,1
S0982,B.Sc Computer Science,44.4,58.1,1,24.0,1.0,1
S0787,B.Sc Physics,58.5,77.5,0,46.0,2.6,0
S1151,B.Sc Physics,54.5,64.9,2,43.0,4.5,0
S0443,B.Sc Computer Science,62.7,71.6,2,43.0,5.8,1
S0300,BCA,63.3,77.3,1,55.0,3.1,1
S0934,B.Sc Computer Science,75.0,99.0,0,76.0,5.5,1
S0376,B.Sc Mathematics,85.1,82.1,0,80.0,6.5,1
S1233,B.Sc Computer Science,42.1,64.6,4,44.0,3.4,0
S1119,B.Sc Computer Science,58.9,86.9,0,49.0,5.2,1
S0980,B.Sc Computer Science,64.7,57.3,1,45.0,3.4,0
S0983,B.Com,55.2,90.2,0,41.0,4.9,1
S0473,B.Sc Mathematics,58.6,78.3,1,43.0,7.4,1
S0876,B.Sc Mathematics,34.2,68.9,0,21.0,2.2,0
S0564,B.Sc Computer Science,47.9,68.8,1,31.0,3.9,1
S1369,B.Com,68.9,83.5,1,50.0,7.6,1
S0751,B.Sc Mathematics,61.4,75.8,1,54.0,4.7,1
S0389,B.Sc Mathematics,59.6,62.7,1,66.0,5.0,0
S0023,B.Sc Computer Science,76.0,71.1,0,63.0,5.0,1
S0821,B.Sc Computer Science,52.5,49.5,4,32.0,2.3,0
S0125,B.Com,66.0,69.2,1,50.0,6.5,0
S0424,B.Com,46.1,72.2,0,41.0,1.1,0
S0774,B.Sc Computer Science,76.1,93.4,0,62.0,8.0,1
S1343,B.Sc Computer Science,77.5,77.2,0,54.0,3.8,1
S0471,B.Com,62.1,59.7,1,39.0,5.3,0
S0722,B.Sc Physics,81.3,66.6,0,63.0,7.9,1
S1028,B.Com,53.7,89.3,0,70.0,3.6,1
S1403,B.Sc Computer Science,59.3,75.7,0,40.0,2.8,1
S0143,B.Com,36.4,70.2,4,15.0,1.0,0
S0051,BCA,57.8,61.5,1,55.0,6.4,1
S1397,BCA,68.1,79.6,1,62.0,5.5,1
S1435,B.Com,60.5,70.3,1,53.0,2.8,1
S0624,BCA,45.8,68.4,0,17.0,4.4,0
S1086,BCA,49.9,80.6,0,32.0,6.7,1
S0082,B.Sc Computer Science,50.6,44.2,0,43.0,1.9,0
S0704,BCA,57.1,70.2,0,58.0,6.8,0
S0483,BCA,60.0,56.9,2,45.0,7.3,0
S0322,B.Sc Computer Science,61.1,62.0,1,45.0,2.9,0
S1248,B.Sc Computer Science,36.7,55.2,0,27.0,1.6,0
S0506,B.Sc Computer Science,53.9,51.7,0,33.0,5.1,0
S0063,B.Sc Mathematics,59.9,85.7,0,48.0,2.5,1
S0067,B.Sc Mathematics,61.4,51.9,3,41.0,3.5,0
S1320,B.Sc Computer Science,72.5,87.9,0,71.0,5.9,1
S1324,B.Sc Computer Science,50.3,78.9,1,6.0,2.5,0
S0802,B.Com,48.6,53.4,5,35.0,4.9,0
S1279,BCA,66.7,83.6,1,45.0,5.1,1
S0032,B.Sc Computer Science,62.0,73.8,1,36.0,2.5,0
S0796,B.Sc Mathematics,65.5,65.6,0,55.0,5.9,1
S0418,BCA,72.3,91.4,0,66.0,7.2,1
S0633,BCA,50.7,53.6,0,25.0,3.4,1
S1073,B.Com,55.2,65.3,0,34.0,4.1,1
S0065,BCA,65.2,77.3,0,70.0,6.9,1
S0140,BCA,80.9,91.0,0,70.0,8.0,1
S1388,B.Com,47.6,83.8,0,45.0,2.7,0
S1199,B.Sc Mathematics,72.6,88.8,0,76.0,7.8,1
S0078,B.Sc Computer Science,60.3,81.3,0,59.0,5.8,1
S0492,B.Sc Mathematics,55.1,68.9,0,37.0,6.6,1
S1055,B.Sc Mathematics,44.6,74.0,1,33.0,1.4,0
S1191,B.Com,73.9,82.5,0,61.0,8.3,1
S0533,B.Sc Physics,53.6,79.7,0,47.0,3.5,0
S0066,B.Sc Computer Science,67.7,78.5,1,66.0,4.6,1
S1260,B.Sc Computer Science,54.1,67.1,0,43.0,4.9,1
S0902,BCA,50.8,62.1,3,32.0,4.5,0
S1348,B.Sc Computer Science,58.7,66.9,2,43.0,5.7,1
S0297,B.Com,65.1,49.8,0,46.0,4.3,0
S0592,B.Sc Mathematics,59.4,71.6,1,33.0,4.8,0
S0420,BCA,73.6,67.6,0,38.0,7.2,1
S0768,B.Com,50.1,69.3,1,30.0,3.3,0
S0439,B.Com,55.9,75.6,0,35.0,4.0,0
S0262,B.Com,68.7,70.2,0,48.0,5.8,1
S1223,B.Sc Computer Science,59.0,74.1,2,60.0,8.0,0
S0725,B.Sc Physics,48.2,62.5,1,18.0,4.0,0
S1386,B.Com,56.9,72.6,0,50.0,6.0,1
S0282,B.Com,41.3,51.8,1,19.0,1.0,0
S0627,B.Com,52.7,83.9,2,46.0,6.1,1
S1014,B.Sc Computer Science,35.0,64.3,1,22.0,1.1,0
S1089,B.Com,62.4,79.3,0,72.0,6.4,1
S0001,B.Sc Computer Science,62.7,65.0,1,51.0,6.2,1
S0189,BCA,52.3,63.8,1,24.0,2.4,0
S1203,B.Com,63.0,62.7,1,32.0,5.1,1
S0252,B.Sc Mathematics,58.7,68.5,1,46.0,5.7,0
S0584,B.Sc Mathematics,40.0,66.7,0,28.0,3.7,0
S1035,B.Sc Mathematics,42.1,61.9,0,32.0,5.0,0
S1354,B.Sc Computer Science,68.2,68.3,0,49.0,5.1,1
S0993,B.Sc Computer Science,75.5,75.4,0,65.0,7.3,1
S0515,B.Com,69.3,70.6,1,51.0,7.4,1
S1099,B.Sc Mathematics,72.1,80.9,1,59.0,5.5,1
S1098,B.Sc Physics,62.3,65.8,0,54.0,7.3,1
S0075,BCA,50.0,53.9,0,56.0,4.1,0
S0707,B.Sc Mathematics,43.4,59.1,2,41.0,3.0,0
S0488,B.Sc Mathematics,61.5,63.3,0,55.0,7.1,0
S0664,B.Com,56.1,85.0,1,34.0,5.1,1
S1135,B.Sc Mathematics,57.0,67.3,0,52.0,5.7,1
S1143,B.Sc Computer Science,32.0,56.1,1,16.0,2.3,0
S0274,B.Com,80.4,80.7,0,78.0,10.0,1
S0686,B.Sc Computer Science,60.3,63.9,2,32.0,3.9,0
S1437,B.Sc Computer Science,55.9,55.2,2,39.0,4.1,0
S0878,B.Com,49.8,68.8,0,48.0,7.8,1
S1049,B.Com,41.0,78.2,2,27.0,3.7,1
S1349,BCA,65.1,69.2,0,46.0,5.8,0
S0449,BCA,67.2,58.5,0,63.0,9.6,1
S0412,B.Com,33.6,60.4,1,5.0,1.0,0
S0459,B.Com,56.8,69.8,0,47.0,5.6,1
S0377,B.Sc Physics,52.8,79.5,0,46.0,4.1,1
S1306,B.Sc Mathematics,32.4,73.9,4,23.0,3.4,0
S0668,BCA,68.0,67.3,1,73.0,6.7,1
S1239,B.Sc Mathematics,61.6,58.3,0,61.0,7.6,0
S0150,B.Sc Physics,61.0,65.5,0,41.0,7.0,1
S0923,B.Sc Computer Science,58.3,73.3,1,46.0,5.7,0
S1197,B.Sc Computer Science,32.7,63.3,2,30.0,3.5,0
S0734,BCA,53.9,57.9,2,52.0,4.7,0
S0219,B.Com,65.4,72.3,1,34.0,5.0,0
S0240,BCA,46.6,61.3,1,38.0,7.6,0
S1079,B.Com,48.7,65.5,0,27.0,5.4,0
S0868,BCA,57.6,70.0,2,41.0,3.9,0
S0726,B.Sc Physics,77.7,95.9,0,50.0,5.9,1
S0193,B.Sc Computer Science,46.7,76.9,0,37.0,4.5,1
S0793,BCA,66.2,64.3,0,53.0,6.4,1
S0192,BCA,57.0,63.6,2,33.0,7.4,0
S0928,B.Sc Computer Science,63.3,75.8,0,52.0,1.1,0
S0954,B.Sc Computer Science,41.7,71.1,3,25.0,5.1,0
S0958,B.Sc Computer Science,82.1,80.1,1,57.0,8.7,1
S0645,B.Com,50.1,75.6,0,18.0,5.8,1
S0360,B.Sc Computer Science,51.2,62.7,0,40.0,2.4,1
S1134,B.Sc Computer Science,81.0,76.1,0,80.0,6.5,1
S0259,B.Sc Computer Science,58.9,55.1,3,42.0,1.7,0
S0017,B.Sc Computer Science,66.5,93.2,0,32.0,5.1,1
S0334,B.Com,42.2,78.5,0,29.0,3.6,1
S1206,B.Sc Computer Science,50.5,60.9,1,34.0,4.7,1
S0583,B.Sc Computer Science,48.9,71.6,1,21.0,2.3,0
S1421,B.Com,53.6,62.5,1,59.0,8.1,0
S1070,B.Sc Mathematics,57.0,67.9,0,35.0,6.3,1
S0840,B.Sc Computer Science,55.6,44.7,4,57.0,4.9,0
S0628,BCA,75.0,80.5,0,38.0,7.2,1
S1391,B.Sc Computer Science,44.9,65.0,2,25.0,3.5,0
S0324,B.Sc Mathematics,71.2,67.3,1,50.0,7.4,1
S0825,B.Sc Computer Science,39.9,58.6,3,18.0,1.0,0
S1224,BCA,74.9,59.1,0,55.0,5.6,0
S0632,B.Com,79.8,70.2,0,86.0,8.0,1
S1301,B.Com,64.0,76.8,0,41.0,6.2,1
S0197,B.Com,65.0,64.7,2,62.0,6.4,1
S0779,B.Sc Physics,54.6,62.8,0,30.0,4.5,0
S1381,B.Com,72.8,64.7,0,44.0,6.6,1
S0940,B.Sc Mathematics,66.2,76.9,2,56.0,7.5,1
S0856,BCA,56.1,78.7,0,41.0,5.7,1
S0438,B.Sc Mathematics,43.2,84.9,0,38.0,3.3,0
S0120,B.Com,53.9,65.2,0,52.0,5.7,0
S1057,B.Sc Mathematics,65.0,71.7,0,40.0,5.7,1
S1211,B.Sc Computer Science,78.0,64.9,1,65.0,8.9,1
S0791,B.Sc Computer Science,52.0,71.2,1,40.0,3.1,1
S0342,B.Sc Computer Science,61.7,72.7,0,45.0,4.8,1
S0816,B.Sc Computer Science,57.9,62.6,0,58.0,6.1,1
S0003,B.Com,69.6,58.0,1,50.0,5.8,1
S0230,B.Com,51.2,61.2,1,39.0,7.9,0
S1123,B.Sc Physics,51.0,82.1,2,27.0,4.6,1
S0455,B.Sc Computer Science,59.0,69.1,0,44.0,6.5,1
S0077,BCA,55.7,64.3,0,31.0,7.6,1
S1385,B.Com,35.7,58.4,7,22.0,1.4,0
S1006,BCA,62.0,99.0,0,61.0,5.9,1
S1352,BCA,67.4,75.8,0,60.0,6.2,1
S0372,BCA,72.4,64.3,3,54.0,4.0,1
S0181,B.Sc Computer Science,77.7,76.8,0,75.0,8.6,1
S1075,B.Com,48.1,69.5,0,42.0,4.5,0
S0873,BCA,65.2,88.3,0,62.0,6.4,1
S0942,BCA,73.3,87.1,0,57.0,6.6,1
S0578,B.Sc Computer Science,67.5,78.8,0,61.0,6.2,0
S0820,B.Com,39.9,72.6,0,44.0,4.9,1
S1094,B.Sc Computer Science,67.6,78.3,0,53.0,5.1,0
S1115,B.Sc Physics,61.8,71.5,0,69.0,4.0,1
S1287,BCA,38.3,56.8,3,42.0,2.6,0
S1278,BCA,81.8,78.5,0,63.0,8.8,1
S0063,B.Sc Mathematics,59.9,85.7,0,48.0,2.5,1
S0590,B.Com,79.9,76.1,0,74.0,6.6,1
S0887,B.Sc Computer Science,75.9,54.0,0,72.0,8.9,0
S0969,B.Sc Physics,72.1,61.8,0,58.0,8.8,1
S1121,B.Sc Mathematics,64.1,77.2,1,47.0,8.5,1
S0786,BCA,53.6,71.5,1,50.0,5.7,1
S1147,B.Sc Computer Science,60.3,78.8,0,54.0,7.2,1
S0312,B.Sc Mathematics,59.1,62.3,3,49.0,4.8,0
S1200,B.Sc Computer Science,44.1,57.3,3,31.0,4.6,0
S0302,B.Sc Mathematics,34.4,75.7,1,5.0,1.0,0
S0723,B.Sc Computer Science,32.0,72.3,1,10.0,1.0,1
S0690,BCA,57.2,79.8,3,44.0,4.3,1
S0813,B.Sc Computer Science,52.1,78.8,1,48.0,3.7,1
S0038,B.Sc Mathematics,57.0,54.2,0,45.0,3.6,0
S0354,BCA,70.9,74.5,1,68.0,6.8,1
S1377,B.Sc Mathematics,56.3,64.2,0,69.0,5.6,1
S0715,B.Sc Computer Science,54.0,77.3,1,38.0,3.1,0
S0981,B.Sc Computer Science,57.6,55.9,1,47.0,7.4,0
S0237,B.Sc Computer Science,32.0,70.4,4,21.0,3.9,0
S0408,B.Com,72.0,62.5,1,64.0,4.0,1
S0963,B.Sc Computer Science,48.3,64.6,2,38.0,4.2,0
S1144,B.Com,45.1,71.3,0,36.0,4.3,1
S0730,BCA,45.5,65.8,1,14.0,1.0,0
S1234,B.Com,61.4,73.5,1,42.0,3.5,1
S1387,B.Sc Computer Science,68.1,98.0,0,59.0,2.5,1
S0500,B.Sc Mathematics,40.3,51.5,3,15.0,2.1,0
S1275,B.Com,48.1,69.7,1,27.0,4.8,1
S0554,BCA,80.9,85.0,1,76.0,8.1,1
S0056,B.Sc Mathematics,38.6,49.8,2,41.0,4.6,0
S0303,B.Sc Physics,64.3,80.9,0,54.0,6.7,1
S0795,B.Com,32.2,62.6,1,16.0,3.2,0
S0287,B.Com,57.0,61.0,2,48.0,3.7,0
S1141,B.Sc Computer Science,77.8,75.5,2,67.0,5.7,1
S0220,B.Sc Computer Science,53.0,72.5,1,25.0,3.3,0
S0901,B.Com,64.0,90.1,0,71.0,7.5,1
S0991,BCA,67.7,59.8,0,47.0,9.3,1
S1021,B.Sc Computer Science,64.6,64.5,2,57.0,6.5,0
S0935,B.Com,66.6,74.3,1,41.0,3.7,0
S0388,B.Sc Computer Science,63.6,85.8,0,52.0,10.0,1
S0305,B.Com,60.4,85.4,1,41.0,4.5,1
S0391,B.Sc Computer Science,37.5,67.9,0,23.0,1.0,0
S0744,B.Sc Computer Science,42.3,53.2,3,9.0,3.5,0
S0353,BCA,46.9,73.7,2,32.0,6.3,0
S0194,B.Com,77.5,76.1,0,72.0,7.5,1
S0236,B.Sc Physics,54.2,62.8,2,34.0,4.4,0
S1270,BCA,56.7,69.7,0,53.0,8.4,0
S0695,B.Com,46.2,62.8,1,33.0,7.1,0
S0481,B.Sc Physics,60.2,64.4,2,60.0,7.5,0
S1019,B.Com,51.4,56.8,3,43.0,4.7,0
S0568,B.Sc Physics,55.2,66.8,2,24.0,3.1,1
S0117,B.Sc Computer Science,55.1,65.4,1,46.0,8.4,1
S1188,BCA,61.7,80.2,0,60.0,8.4,1
S0654,B.Com,47.4,60.5,3,31.0,3.9,0
S1254,B.Com,61.0,73.4,0,51.0,6.8,1
S1389,BCA,66.9,61.1,1,56.0,4.0,1
S1167,B.Sc Computer Science,84.3,85.4,0,79.0,7.8,1
S0121,B.Com,52.4,65.0,1,32.0,5.0,0
S1284,B.Sc Computer Science,60.7,79.3,2,64.0,5.3,1
S1025,B.Sc Mathematics,32.0,54.9,4,21.0,4.0,0
S0927,B.Sc Computer Science,52.4,94.7,2,37.0,1.8,1
S0516,B.Com,64.5,62.2,0,42.0,6.3,1
S0224,B.Sc Computer Science,50.8,76.5,1,24.0,1.2,1
S1351,B.Com,60.4,80.1,0,48.0,2.4,1
S0614,B.Sc Physics,64.0,99.0,0,53.0,5.4,1
S0844,B.Com,61.1,74.5,0,54.0,4.1,1
S0053,B.Sc Mathematics,47.3,54.2,4,34.0,1.0,0
S0179,B.Com,53.7,75.1,1,41.0,3.6,1
S0486,BCA,50.4,55.5,1,56.0,4.4,1
S1425,B.Sc Physics,60.0,66.5,2,56.0,6.2,1
S0819,B.Sc Computer Science,56.2,79.6,0,58.0,7.2,1
S0156,B.Com,79.6,87.2,0,72.0,5.2,1
S0601,B.Sc Mathematics,61.4,80.6,1,69.0,5.4,1
S1195,B.Sc Mathematics,73.8,89.5,0,66.0,7.8,1
S0249,B.Sc Computer Science,86.7,88.9,0,78.0,7.8,1
S0762,B.Sc Computer Science,72.5,71.0,1,57.0,5.3,1
S1361,B.Sc Physics,54.0,65.5,3,35.0,2.3,1
S0543,B.Sc Computer Science,65.5,76.5,1,57.0,4.1,1
S0794,B.Sc Mathematics,53.6,90.4,0,65.0,5.6,1
S1085,B.Com,58.1,88.9,0,39.0,4.3,1
S0629,BCA,49.0,70.7,1,27.0,5.2,0
S0151,BCA,55.8,61.3,3,51.0,1.0,0
S0292,B.Sc Mathematics,62.8,81.5,0,48.0,5.5,1
S0382,B.Sc Computer Science,67.5,82.8,0,43.0,6.4,1
S0687,B.Sc Computer Science,69.9,86.5,0,44.0,7.0,1
S0898,B.Sc Computer Science,50.6,79.6,2,34.0,2.5,1
S0855,B.Sc Physics,61.4,92.1,2,50.0,6.4,1
S0044,B.Sc Computer Science,57.7,73.2,1,33.0,5.3,0
S1138,B.Sc Mathematics,62.8,70.1,0,39.0,8.7,1
S1376,BCA,66.4,79.5,0,58.0,5.4,0
S0892,BCA,45.8,59.9,2,26.0,5.9,0
S0945,B.Com,59.7,74.6,0,45.0,3.4,1
S0616,BCA,43.7,67.0,2,23.0,6.0,0
S0155,BCA,62.3,71.7,2,45.0,3.9,0
S0502,B.Sc Computer Science,69.3,74.4,0,56.0,7.7,1
S0323,B.Com,69.5,77.0,1,48.0,6.1,1
S1153,B.Com,63.6,79.3,1,54.0,5.7,1
S0083,B.Sc Physics,55.4,65.1,2,53.0,3.8,0
S0513,B.Sc Mathematics,55.5,53.3,1,49.0,7.2,0
S0109,B.Sc Computer Science,68.2,80.0,0,59.0,6.8,1
S0930,B.Sc Mathematics,60.6,74.8,0,31.0,8.8,1
S1218,B.Com,36.9,42.6,4,6.0,1.9,0
S0011,B.Sc Mathematics,64.0,82.2,1,55.0,7.4,1
S0832,B.Sc Physics,78.2,71.0,0,63.0,6.4,1
S0033,B.Sc Mathematics,52.4,69.6,1,32.0,3.5,0
S0414,BCA,68.7,71.3,0,44.0,3.6,0
S0581,B.Com,32.0,50.2,4,6.0,1.0,0
S1427,B.Sc Mathematics,68.2,72.2,0,60.0,5.2,1
S1418,B.Sc Computer Science,66.0,81.2,1,56.0,8.5,1
S0615,B.Sc Physics,55.6,69.0,1,16.0,1.0,0
S1046,B.Sc Mathematics,52.5,75.6,1,20.0,5.8,1
S1015,B.Com,49.3,68.2,3,49.0,5.2,0
S0090,B.Sc Computer Science,62.8,71.7,0,55.0,6.0,1
S1265,B.Sc Mathematics,63.8,71.0,0,55.0,8.3,1
S0602,B.Sc Mathematics,55.6,78.0,1,47.0,3.8,1
S0134,B.Com,56.1,72.6,0,60.0,6.0,1
S0556,B.Sc Mathematics,57.0,71.6,1,31.0,7.2,1
S1032,B.Com,71.1,70.9,1,49.0,5.2,1
S1168,B.Com,75.3,76.7,0,55.0,4.4,1
S0321,B.Sc Computer Science,64.0,73.4,2,76.0,3.9,1
S1314,B.Com,57.9,79.3,0,57.0,3.7,1
S1292,B.Com,55.9,56.1,1,18.0,4.9,0
S0635,B.Sc Mathematics,56.2,75.9,0,54.0,3.3,1
S0553,B.Com,59.7,69.3,0,54.0,2.2,0
S1056,B.Sc Computer Science,75.1,99.0,0,68.0,7.9,1
S1161,B.Sc Computer Science,45.4,64.4,2,27.0,5.8,0
S0797,B.Sc Mathematics,64.2,80.5,1,51.0,8.3,1
S1241,B.Sc Physics,69.1,95.9,1,70.0,6.3,1
S1272,BCA,80.5,86.0,1,64.0,2.7,1
S0175,BCA,41.9,61.3,2,39.0,3.3,0
S0767,B.Sc Physics,65.3,64.4,0,47.0,6.9,1
S0246,B.Com,46.3,71.0,4,20.0,4.0,0
S1081,B.Com,66.6,70.1,3,60.0,5.2,1
S1430,B.Sc Mathematics,55.5,79.9,0,39.0,5.9,1
S0146,B.Com,53.5,59.2,1,37.0,3.9,0
S0091,BCA,69.9,86.4,0,51.0,7.1,1
S0683,B.Sc Computer Science,66.1,68.9,0,69.0,7.2,1
S0311,BCA,64.6,64.0,1,59.0,5.7,0
S0094,B.Sc Physics,54.5,58.8,3,39.0,5.0,1
S1170,B.Com,54.3,56.1,3,22.0,6.9,0
S0925,B.Com,60.6,96.3,0,50.0,3.3,1
S1258,B.Sc Mathematics,58.5,70.8,1,46.0,5.0,0
S1036,BCA,56.9,76.2,1,45.0,4.1,0
S0244,B.Com,44.3,73.2,0,14.0,1.0,0
S1112,BCA,50.4,71.1,0,39.0,3.0,0
S0215,B.Sc Computer Science,62.6,68.3,1,55.0,3.0,0
S0999,BCA,53.6,72.0,1,73.0,4.6,1
S0854,B.Com,56.7,64.4,0,57.0,8.1,1
S0426,B.Com,56.4,72.5,0,37.0,5.1,1
S1309,B.Sc Computer Science,32.0,59.2,5,9.0,1.0,0
S0227,BCA,89.1,74.8,0,71.0,9.5,1
S1216,B.Sc Computer Science,34.9,54.9,1,39.0,4.9,0
S0001,B.Sc Computer Science,62.7,65.0,1,51.0,6.2,1
S0402,BCA,63.6,69.0,0,50.0,4.3,1
S1104,B.Com,57.6,80.9,0,39.0,6.1,1
S0085,B.Sc Mathematics,45.0,62.0,1,18.0,1.8,0
S0163,B.Sc Mathematics,77.4,95.3,0,72.0,9.2,1
S0115,BCA,56.6,69.9,1,34.0,4.5,0
S0671,B.Sc Mathematics,63.3,72.2,2,62.0,5.7,1
S1139,B.Sc Computer Science,55.6,84.6,3,33.0,4.7,0
S0890,B.Com,42.6,65.2,2,29.0,4.9,0
S0626,B.Com,59.5,76.3,0,28.0,6.2,1
S0594,B.Com,42.3,55.3,1,33.0,3.3,0
S0953,B.Sc Computer Science,62.5,58.3,0,46.0,6.9,1
S0808,B.Com,46.2,65.7,1,28.0,1.0,0
S0259,B.Sc Computer Science,58.9,55.1,3,42.0,1.7,0
S0625,BCA,63.9,71.2,0,42.0,6.8,1
S0827,B.Sc Computer Science,57.5,84.2,0,41.0,6.0,1
S0235,B.Sc Mathematics,51.3,74.4,1,37.0,2.6,0
S0136,B.Sc Computer Science,44.3,67.6,1,39.0,1.5,0
S0617,B.Sc Computer Science,70.4,72.9,0,58.0,7.2,1
S0837,B.Sc Computer Science,57.9,57.1,1,43.0,5.1,0
S0843,B.Sc Mathematics,81.5,97.4,0,59.0,8.3,1
S0960,B.Sc Computer Science,61.7,87.8,0,46.0,3.8,1
S0593,B.Sc Mathematics,83.0,88.4,0,50.0,8.6,1
S0344,BCA,54.3,63.1,0,56.0,9.7,1
S1230,B.Com,64.4,65.1,1,52.0,10.0,0
S0294,BCA,32.0,43.9,3,5.0,1.0,0
S0365,B.Com,58.8,69.2,1,46.0,5.1,1
S0179,B.Com,53.7,75.1,1,41.0,3.6,1
S0660,B.Com,50.8,79.6,0,45.0,5.4,1
S0997,B.Com,61.4,71.5,0,52.0,6.4,1
S0015,BCA,60.2,88.9,0,51.0,5.5,1
S1111,BCA,75.6,59.4,0,58.0,9.1,1
S0166,B.Sc Computer Science,46.4,75.4,0,38.0,5.4,0
S0060,B.Com,65.3,61.6,0,68.0,7.4,1
S0710,B.Com,62.7,67.9,1,63.0,4.9,0
S0677,B.Sc Computer Science,83.3,83.4,0,81.0,9.2,1
S0781,B.Com,57.5,68.5,0,54.0,7.1,1
S0425,BCA,62.1,68.9,1,21.0,1.4,1
S0293,B.Com,78.6,76.1,0,54.0,9.0,1
S1066,B.Sc Mathematics,57.1,84.3,0,33.0,2.3,0
S1332,B.Sc Mathematics,47.5,64.6,1,35.0,6.1,0
S0330,B.Sc Computer Science,49.8,90.9,1,34.0,2.7,1
S0430,BCA,60.3,68.1,0,53.0,7.3,1
S1013,B.Sc Physics,42.0,75.1,0,32.0,3.1,1
S0080,B.Sc Computer Science,63.4,49.1,1,43.0,4.4,1
S1053,BCA,60.8,78.5,1,45.0,5.5,0
S0938,B.Com,57.9,60.3,0,35.0,4.8,0
S0835,BCA,46.2,72.1,3,55.0,5.3,1
S0750,BCA,51.0,77.3,0,31.0,5.0,0
S0891,B.Com,46.9,62.1,1,26.0,3.9,0
S0255,B.Sc Physics,52.9,65.3,2,42.0,3.6,0
S0054,B.Sc Computer Science,59.2,69.6,1,39.0,5.4,0
S1109,B.Sc Computer Science,77.7,69.3,1,63.0,9.8,1
S0137,B.Com,58.6,71.1,1,49.0,6.5,0
S1136,BCA,71.7,84.4,0,52.0,10.0,1
S0853,B.Sc Computer Science,80.8,84.5,0,44.0,7.4,1
S0724,B.Sc Computer Science,48.1,61.2,0,20.0,1.0,0
S0860,B.Sc Computer Science,63.2,70.0,0,45.0,2.5,1
S0970,B.Sc Mathematics,54.7,75.8,1,41.0,5.2,1
S0497,B.Sc Computer Science,40.7,70.6,3,35.0,3.4,0
S0951,BCA,34.7,51.1,4,29.0,5.1,0
S0806,B.Sc Mathematics,71.3,79.4,2,68.0,6.7,0
S0130,B.Sc Physics,51.1,54.4,2,39.0,4.5,0
S0338,B.Com,66.9,75.6,1,38.0,6.9,1
S0686,B.Sc Computer Science,60.3,63.9,2,32.0,3.9,0
S0609,B.Sc Computer Science,39.9,70.7,3,22.0,3.8,0
S1149,B.Sc Physics,68.4,81.5,1,73.0,8.5,1
S0196,B.Sc Mathematics,44.3,80.4,0,29.0,3.6,0
S1273,B.Com,55.6,73.6,0,33.0,8.3,0
S0910,B.Sc Computer Science,43.9,71.0,0,35.0,4.1,0
S0585,B.Com,68.1,74.4,1,51.0,6.5,1
S0104,BCA,67.3,71.9,0,44.0,8.2,0
S1379,BCA,68.0,76.8,0,38.0,6.1,1
S1393,BCA,53.8,78.7,0,31.0,4.3,0
S0720,B.Com,53.0,55.6,2,49.0,2.1,0
S0885,B.Sc Computer Science,45.7,42.0,3,42.0,1.7,0
S0777,B.Com,44.9,71.2,0,35.0,4.4,1
S0850,B.Sc Physics,69.8,74.3,1,68.0,6.3,1
S0895,B.Sc Physics,59.5,68.8,1,26.0,5.9,1
S0228,BCA,79.2,87.4,0,62.0,8.9,1
S1403,B.Sc Computer Science,59.3,75.7,0,40.0,2.8,1
S0127,BCA,65.2,72.2,1,67.0,5.1,1
S0406,BCA,59.6,59.2,1,42.0,4.6,0
S0776,B.Sc Computer Science,61.8,72.0,0,31.0,5.7,1
S0822,B.Com,69.8,60.3,1,56.0,9.8,1
S0712,B.Com,71.8,85.3,0,50.0,3.2,1
S1407,B.Com,57.6,61.1,1,59.0,6.0,0
S1061,B.Com,56.8,81.2,0,32.0,8.0,1
S1164,B.Com,34.9,72.2,2,21.0,1.4,0
S0304,B.Sc Physics,56.9,63.5,1,45.0,2.7,0
S0268,B.Sc Mathematics,61.4,82.7,0,63.0,5.9,1
S0546,B.Com,57.9,69.2,1,26.0,5.2,0
S0213,B.Com,62.6,84.6,0,29.0,5.5,1
S0897,B.Com,46.5,87.3,0,41.0,3.2,1
S0917,B.Com,66.3,76.7,0,52.0,8.5,1
S0676,B.Sc Mathematics,60.7,76.6,0,44.0,7.2,0
S0815,B.Sc Mathematics,56.9,74.6,1,34.0,6.6,0
S0343,B.Sc Mathematics,51.3,55.3,0,44.0,5.0,0
S0550,B.Com,68.9,64.9,0,58.0,5.4,1
S1215,B.Sc Computer Science,32.0,59.6,2,7.0,2.9,0
S0967,B.Com,54.8,68.8,0,37.0,5.8,1
S0296,B.Com,52.0,87.8,0,53.0,4.6,1
S0696,B.Com,40.9,63.2,1,41.0,1.3,0
S0074,B.Sc Mathematics,52.1,54.3,1,41.0,2.8,0
S0606,B.Sc Mathematics,68.8,71.8,0,42.0,6.5,1
S0105,BCA,41.8,73.6,0,33.0,1.9,0
S0646,B.Sc Computer Science,63.5,78.1,1,28.0,6.4,1
S1033,B.Sc Computer Science,50.4,76.5,0,62.0,3.7,1
S1041,B.Com,49.0,79.4,1,21.0,2.7,1
S0440,B.Sc Mathematics,66.2,58.6,0,47.0,5.8,0
S1020,B.Sc Computer Science,66.3,64.9,1,54.0,7.2,1
S0092,B.Sc Computer Science,56.7,73.4,0,47.0,8.0,1
S1113,BCA,44.0,57.6,2,18.0,3.3,0
S1305,B.Sc Computer Science,55.1,76.7,1,48.0,6.0,0
S0909,B.Com,66.8,86.1,0,38.0,6.8,1
S0103,B.Sc Computer Science,53.2,65.7,1,33.0,4.6,0
S0239,B.Sc Mathematics,42.6,64.1,2,26.0,4.4,0
S1269,B.Sc Mathematics,64.6,77.0,0,55.0,5.7,1
S0943,B.Com,63.1,64.4,2,50.0,4.3,1
S0939,BCA,75.4,70.6,0,61.0,7.0,1
S1182,B.Com,72.2,60.9,0,65.0,9.2,1
S0006,B.Sc Mathematics,45.0,65.5,0,19.0,1.0,0
S1353,B.Sc Computer Science,39.5,59.0,1,12.0,1.5,0
S0966,B.Com,32.5,53.3,1,29.0,3.7,0
S0019,BCA,63.8,91.1,0,70.0,5.2,1
S0122,B.Com,63.1,64.4,0,59.0,6.6,1
S0662,BCA,59.4,58.9,0,35.0,5.6,1
S1257,B.Sc Computer Science,72.7,81.9,1,50.0,4.7,1
S0275,B.Com,72.6,75.5,0,68.0,8.1,1
S0434,B.Sc Computer Science,38.5,46.4,6,32.0,4.3,0
S0812,B.Sc Mathematics,51.3,68.4,0,40.0,5.4,1
S1394,B.Sc Physics,71.4,77.9,1,67.0,5.0,1
S1408,BCA,62.1,67.9,0,64.0,7.1,1
S0182,BCA,61.3,78.4,0,41.0,6.9,1
S0185,B.Sc Mathematics,61.4,72.6,0,51.0,6.9,0
S0407,BCA,50.6,70.2,0,39.0,3.2,1
S0866,B.Sc Computer Science,65.5,73.4,0,52.0,8.1,1
S0521,B.Sc Computer Science,49.1,69.1,0,37.0,5.4,0
S1004,B.Com,70.5,77.5,0,65.0,5.6,0
S0381,B.Com,59.7,59.1,2,39.0,3.6,0
S0428,B.Sc Physics,80.1,80.9,0,81.0,7.9,1
S0079,B.Sc Computer Science,65.7,68.2,3,66.0,5.2,0
S1010,B.Sc Computer Science,58.9,83.1,0,52.0,9.0,1
S1148,BCA,56.6,88.0,1,30.0,4.3,1
S0608,B.Com,64.1,79.8,1,39.0,6.1,1
S1326,B.Sc Computer Science,67.5,62.5,0,68.0,5.5,1
S0447,BCA,72.4,64.5,0,54.0,5.7,1
S1359,B.Sc Computer Science,53.1,75.5,1,21.0,3.2,1
S1058,B.Sc Mathematics,64.6,55.0,0,47.0,6.0,0
S1092,B.Sc Physics,59.1,82.2,0,51.0,6.9,1
S1102,B.Sc Computer Science,63.6,73.1,2,70.0,4.9,0
S1130,B.Com,40.2,65.6,3,19.0,1.0,0
S1236,B.Sc Computer Science,46.5,71.5,1,19.0,4.0,0
S1321,B.Sc Mathematics,46.0,60.6,1,28.0,4.1,0
S0959,B.Sc Computer Science,56.5,64.8,0,32.0,5.7,0
S0560,B.Com,56.9,80.3,0,36.0,4.1,1
S0847,B.Sc Physics,94.0,85.7,0,86.0,6.5,1
S0691,BCA,64.7,77.9,0,53.0,6.6,1
S0333,B.Com,53.5,59.8,1,46.0,2.6,0
S1392,BCA,69.4,73.5,0,80.0,6.6,1
S0437,B.Sc Computer Science,51.4,75.9,2,45.0,3.7,0
S0491,B.Com,68.8,64.1,0,77.0,7.1,1
S0964,B.Sc Computer Science,65.1,69.9,1,47.0,6.4,1
S1370,B.Sc Mathematics,75.2,61.9,0,58.0,7.9,1
S0070,B.Com,61.2,79.3,0,41.0,4.2,1
S0809,B.Sc Mathematics,66.3,71.1,1,43.0,6.7,1
S1185,B.Com,58.7,67.8,0,37.0,5.6,1
S0012,B.Sc Computer Science,68.5,74.8,1,63.0,7.0,1
S0145,B.Sc Computer Science,48.3,71.2,1,34.0,5.7,0
S0918,BCA,59.1,78.9,0,40.0,7.7,1
S0640,B.Com,66.7,63.3,1,42.0,4.1,0
S0177,B.Sc Computer Science,73.4,99.0,0,73.0,5.6,1
S0995,B.Com,51.0,69.3,1,47.0,3.5,0
S0441,BCA,48.7,77.7,1,53.0,6.7,1
S0522,B.Com,51.9,57.7,1,50.0,2.1,0
S1319,BCA,32.5,71.9,2,26.0,2.5,0
S1005,B.Com,54.6,78.7,0,39.0,4.1,1
S1256,B.Sc Computer Science,48.3,76.1,0,40.0,4.9,0
S1235,BCA,58.0,71.0,0,45.0,5.5,0
S0144,B.Com,57.5,64.9,2,35.0,5.0,0
S0754,B.Sc Computer Science,80.0,81.8,0,43.0,7.4,1
S0520,B.Com,73.7,77.6,0,80.0,9.4,1
S0823,B.Com,41.9,64.9,1,35.0,4.9,0
S0429,B.Sc Mathematics,38.3,57.1,1,36.0,4.3,0
S0613,B.Sc Computer Science,41.1,81.7,1,27.0,1.0,0
S1033,B.Sc Computer Science,50.4,76.5,0,62.0,3.7,1
S0157,B.Com,60.1,76.4,0,42.0,5.4,1
S0540,B.Com,54.9,70.8,0,40.0,1.9,0
S1291,B.Sc Physics,64.6,67.6,1,67.0,4.6,0
S0462,B.Sc Computer Science,52.3,81.8,1,24.0,3.5,0
S0577,B.Com,73.8,81.5,0,40.0,4.9,1
S0256,B.Sc Computer Science,61.5,81.0,1,55.0,7.0,1
S0980,B.Sc Computer Science,64.7,57.3,1,45.0,3.4,0
S1186,BCA,44.7,59.3,1,23.0,1.7,0
S1007,B.Com,61.0,81.6,1,60.0,6.6,1
S0561,B.Com,66.1,65.5,1,34.0,3.3,0
S0209,B.Com,49.0,62.8,2,16.0,4.5,0
S0911,B.Sc Computer Science,47.6,77.2,2,32.0,5.0,0
S1312,B.Sc Computer Science,70.5,79.9,2,50.0,6.8,1
S0002,B.Sc Physics,50.6,69.9,0,31.0,1.4,0
S0270,B.Sc Physics,59.1,68.6,0,54.0,2.6,1
S0266,B.Sc Computer Science,70.8,94.8,0,71.0,10.0,1
S0915,B.Sc Computer Science,62.2,64.8,1,43.0,5.3,0
S0231,B.Com,43.0,68.1,2,25.0,1.9,0
S0219,B.Com,65.4,72.3,1,34.0,5.0,0
S1120,BCA,41.5,81.0,0,33.0,2.2,1
S0681,B.Com,70.2,79.6,0,56.0,5.0,1
S0865,B.Sc Computer Science,63.0,66.5,0,26.0,6.9,0
S1067,B.Sc Mathematics,52.1,73.1,2,23.0,2.8,0
S0874,B.Sc Mathematics,62.1,75.3,0,52.0,6.0,1
S1336,B.Com,84.7,99.0,0,85.0,8.6,1
S0399,B.Sc Mathematics,60.4,88.0,0,62.0,5.2,1
S1362,B.Sc Computer Science,64.3,93.1,0,41.0,6.2,1
S0046,B.Sc Mathematics,64.4,71.0,1,47.0,5.5,1
S0162,B.Com,49.5,77.2,1,33.0,3.8,0
S0992,B.Sc Computer Science,69.7,83.4,0,60.0,5.6,1
S0728,B.Sc Computer Science,73.0,57.5,0,57.0,5.7,1
S0630,BCA,32.0,61.6,4,26.0,1.0,0
S0289,B.Sc Computer Science,50.7,65.9,1,41.0,5.1,0
S1060,B.Sc Mathematics,69.6,88.7,0,58.0,7.7,1
S1083,BCA,65.1,66.6,0,43.0,5.0,1
S0576,BCA,38.2,65.3,5,16.0,1.0,0
S0851,B.Sc Computer Science,50.7,77.0,0,28.0,5.9,1
S1340,B.Com,53.9,63.5,1,42.0,7.4,0
S0912,B.Sc Computer Science,69.3,72.0,0,60.0,6.0,1
S1255,B.Sc Mathematics,45.3,84.6,1,23.0,1.9,0
S1355,B.Com,84.6,89.4,0,74.0,10.0,1
S0933,B.Sc Mathematics,68.4,84.9,0,60.0,7.2,1
S1101,B.Com,71.9,86.0,1,47.0,8.0,1
S1208,BCA,40.6,64.2,1,16.0,5.4,0
S0248,B.Sc Mathematics,80.1,84.4,0,64.0,7.7,1
S0477,B.Sc Computer Science,66.9,74.2,1,41.0,6.3,1
S0086,B.Sc Computer Science,56.2,89.0,0,69.0,4.8,1
S0470,BCA,43.3,73.1,0,45.0,5.5,1
S0226,B.Sc Physics,60.7,67.7,5,28.0,6.3,0
S0775,B.Com,60.9,67.4,2,36.0,5.0,0
S0332,BCA,64.7,80.4,0,59.0,6.8,1
S0234,B.Sc Computer Science,74.8,83.5,0,66.0,6.0,1
S0589,BCA,67.0,72.6,1,36.0,6.4,1
S0476,B.Sc Mathematics,42.1,42.0,0,45.0,6.3,0
S1285,B.Sc Computer Science,57.7,67.2,1,33.0,7.1,0
S0600,B.Sc Computer Science,38.6,69.5,6,8.0,1.0,0
S0422,B.Com,58.1,58.4,2,38.0,4.6,0
S0183,B.Sc Computer Science,64.6,70.1,1,35.0,5.8,1
S0989,B.Sc Computer Science,56.1,76.4,0,38.0,4.9,0
S1001,B.Sc Computer Science,55.1,75.4,0,26.0,4.4,0
S1357,B.Sc Computer Science,54.8,67.2,0,52.0,4.4,1
S0050,B.Com,57.3,77.1,2,38.0,6.1,0
S0401,BCA,63.9,54.0,2,55.0,7.6,0
S1030,B.Com,62.8,77.5,0,67.0,6.1,1
S0530,B.Com,75.0,86.7,0,72.0,8.8,1
S1259,B.Com,72.6,80.5,1,68.0,10.0,1
S0487,B.Sc Computer Science,49.6,72.1,2,46.0,4.9,1
S1372,B.Com,65.2,71.8,0,42.0,5.3,1
S0498,B.Sc Physics,53.1,60.2,2,45.0,6.6,1
S0107,B.Sc Mathematics,48.5,53.4,0,36.0,3.2,0
S0444,B.Sc Physics,76.0,86.9,0,60.0,7.1,1
S0647,BCA,66.5,72.6,2,67.0,6.1,1
S1037,BCA,67.4,52.0,0,50.0,6.0,0
S0727,B.Com,53.7,99.0,0,38.0,7.3,1
S0191,B.Sc Mathematics,80.8,70.0,0,80.0,6.8,1
S0283,B.Com,70.7,71.3,1,56.0,8.7,0
S0030,BCA,65.2,62.3,0,40.0,5.6,1
S0170,B.Sc Mathematics,64.0,67.2,0,46.0,1.9,0
S1002,B.Sc Computer Science,56.3,65.9,1,21.0,2.2,0
S1205,B.Sc Computer Science,55.5,79.6,0,42.0,3.0,1
S0101,B.Sc Computer Science,53.4,73.1,0,47.0,4.5,0
S0198,B.Sc Computer Science,45.9,77.1,1,50.0,6.0,1
S0496,B.Sc Computer Science,65.6,79.2,0,47.0,6.2,1
S0648,B.Com,33.0,54.2,4,13.0,1.4,0
S0988,B.Sc Mathematics,69.1,67.7,1,53.0,3.1,1
S0045,B.Com,56.2,69.1,1,56.0,3.8,0
S0711,BCA,57.6,76.6,2,40.0,2.8,1
S0374,B.Sc Physics,71.6,73.0,1,69.0,5.8,1
S0679,B.Sc Computer Science,64.9,76.0,0,40.0,5.6,1
S0567,B.Sc Mathematics,54.3,71.4,1,51.0,5.6,1
S0848,B.Sc Computer Science,70.2,89.9,0,50.0,7.7,1
S0461,BCA,59.9,67.6,1,56.0,6.3,1
S1156,B.Sc Mathematics,59.9,61.2,0,43.0,5.5,1
S0040,B.Com,69.3,98.0,0,59.0,7.0,1
S0435,B.Sc Computer Science,73.1,76.3,0,61.0,7.4,1
S0974,BCA,63.2,74.5,0,45.0,4.1,1
S1240,B.Sc Mathematics,71.8,77.7,0,66.0,7.9,1
S1008,B.Sc Mathematics,52.0,62.7,2,38.0,3.8,0
S0457,BCA,68.7,61.3,0,66.0,4.7,1
S0261,B.Sc Mathematics,54.5,60.1,0,32.0,3.5,0
S0036,B.Com,79.2,73.2,0,67.0,7.7,1
S0828,B.Com,59.4,66.2,1,26.0,2.8,1
S0310,B.Sc Mathematics,70.9,83.6,0,78.0,6.7,1
S0277,B.Com,61.6,61.7,0,43.0,1.7,0
S0637,B.Sc Mathematics,57.9,71.1,0,43.0,5.8,1
S0655,B.Sc Computer Science,66.6,73.8,0,47.0,7.6,1
S0623,B.Sc Mathematics,63.8,74.4,2,43.0,4.5,1
S0845,B.Sc Computer Science,59.0,72.3,0,17.0,5.5,0
S0394,B.Sc Computer Science,61.4,73.8,1,62.0,5.0,1
S0108,B.Sc Computer Science,61.4,57.5,1,36.0,3.6,0
S0350,B.Com,67.7,84.4,0,65.0,8.6,1
S0525,B.Sc Mathematics,66.6,73.2,0,79.0,6.2,1
S0785,B.Com,57.4,63.3,0,46.0,4.7,0
S0048,B.Sc Physics,61.7,61.3,0,54.0,5.1,0
S0204,B.Sc Mathematics,62.7,80.9,0,54.0,3.8,1
S0022,B.Sc Computer Science,44.2,67.6,1,39.0,8.8,0
S0403,B.Sc Physics,64.5,83.2,0,60.0,6.1,1
S1108,B.Sc Mathematics,51.2,84.6,0,25.0,4.6,1
S1155,B.Sc Computer Science,62.4,63.9,0,55.0,6.4,1
S0990,B.Sc Computer Science,55.2,87.4,1,40.0,4.6,1
S0742,B.Sc Computer Science,68.2,83.7,1,64.0,5.5,1
S1311,B.Sc Computer Science,49.5,60.0,0,41.0,2.4,0
S1148,BCA,56.6,88.0,1,30.0,4.3,1
S0034,BCA,39.0,42.9,2,39.0,3.4,0
S0788,B.Sc Computer Science,50.8,73.9,0,41.0,5.6,1
S0924,B.Sc Physics,53.1,76.6,3,28.0,4.2,0
S1044,B.Com,62.1,70.8,0,32.0,5.8,1
S1439,B.Sc Computer Science,40.0,60.2,3,32.0,3.4,0
S1244,B.Sc Computer Science,53.8,57.7,1,47.0,4.7,0
S0580,B.Com,65.5,75.7,0,64.0,8.6,1
S0482,B.Sc Computer Science,63.6,90.2,0,74.0,7.6,1
S0932,B.Com,61.6,78.8,1,54.0,4.4,1
S0357,B.Sc Mathematics,65.5,72.3,1,35.0,4.2,1
S1249,B.Sc Mathematics,55.2,80.9,1,50.0,5.2,0
S0760,B.Sc Computer Science,56.8,64.7,1,55.0,7.1,1
S0093,B.Sc Computer Science,53.2,81.1,0,46.0,4.4,1
S1176,B.Sc Mathematics,42.1,59.7,1,28.0,2.8,0
S1416,B.Sc Computer Science,50.7,71.9,1,17.0,2.8,0
S1342,B.Sc Physics,65.1,70.0,1,53.0,4.7,1
S0804,B.Com,60.2,81.2,0,47.0,7.9,1
S0746,B.Sc Physics,77.3,78.6,0,56.0,4.7,1
S0280,B.Sc Computer Science,57.7,71.1,1,32.0,5.8,0
S0765,BCA,60.5,85.7,0,55.0,4.0,1
S0605,B.Com,54.9,51.2,0,40.0,5.8,1
S1214,B.Sc Physics,44.8,62.3,1,50.0,3.9,0
S1374,BCA,32.1,65.8,5,20.0,3.7,0
S1399,B.Sc Mathematics,62.6,89.3,1,51.0,4.5,1
S0401,BCA,63.9,54.0,2,55.0,7.6,0
S0258,BCA,58.7,78.2,0,52.0,3.4,1
S0945,B.Com,59.7,74.6,0,45.0,3.4,1
S1097,B.Com,76.8,76.0,1,69.0,7.3,1
S1220,B.Com,71.6,77.1,0,49.0,10.0,1
S1162,B.Sc Physics,53.3,79.1,1,49.0,5.9,1
S0495,B.Sc Computer Science,54.6,60.3,1,37.0,3.5,0
S0773,B.Sc Physics,64.6,77.7,0,45.0,7.5,1
S0551,B.Sc Computer Science,55.0,71.8,0,60.0,4.8,1
S0202,B.Sc Computer Science,68.5,84.8,2,55.0,7.4,1
S0313,BCA,77.6,71.8,0,42.0,9.1,1
S0291,BCA,60.0,70.4,0,31.0,6.0,0
S1214,B.Sc Physics,44.8,62.3,1,50.0,3.9,0
S0764,B.Sc Computer Science,62.1,79.2,1,53.0,8.8,1
S1137,B.Sc Computer Science,65.5,57.4,4,28.0,2.4,0
S0950,B.Sc Computer Science,32.0,49.2,5,5.0,1.0,0
S0184,B.Sc Computer Science,70.9,90.9,0,79.0,7.3,1
S1177,BCA,53.5,65.3,0,28.0,5.0,0
S1350,B.Com,60.9,70.2,1,42.0,5.6,1
S1069,B.Sc Computer Science,73.6,82.7,0,60.0,7.0,1
S1303,B.Sc Computer Science,58.4,71.5,0,46.0,7.1,1
S1031,B.Sc Mathematics,77.2,71.9,0,53.0,3.3,1
S0251,B.Sc Mathematics,57.0,65.3,0,41.0,6.2,0
S0824,B.Sc Mathematics,32.0,64.2,3,12.0,1.8,0
S1100,BCA,75.2,78.1,0,77.0,7.1,1
S0941,B.Sc Computer Science,64.6,73.2,1,42.0,5.0,1
S0392,B.Sc Mathematics,57.1,70.2,1,41.0,6.1,0
S1411,B.Com,51.4,58.8,0,38.0,3.0,0
S1093,B.Sc Physics,67.8,75.7,1,52.0,5.5,0
S1192,B.Com,68.4,69.4,0,63.0,7.5,1
S0905,B.Com,59.4,79.9,0,27.0,5.1,1
S0731,B.Com,65.8,69.4,1,46.0,6.1,1
S0555,B.Sc Mathematics,51.3,67.6,0,42.0,6.6,1
S0367,BCA,46.0,66.2,1,41.0,4.0,0
S0346,B.Sc Mathematics,32.6,75.0,0,13.0,2.8,0
S0536,B.Com,65.3,87.0,0,46.0,4.1,1
S1423,B.Sc Mathematics,59.0,70.3,0,52.0,6.5,1
S1210,B.Sc Computer Science,64.7,92.7,0,45.0,4.8,1
S1373,B.Sc Mathematics,64.6,69.5,1,76.0,5.9,1
S0920,B.Sc Mathematics,37.1,74.0,1,5.0,1.0,0
S0212,B.Com,40.4,76.7,0,32.0,2.2,0
S0503,BCA,58.5,64.9,3,48.0,3.3,0
S0538,B.Sc Mathematics,74.9,76.9,0,46.0,6.2,1
S1221,B.Sc Physics,60.1,64.2,1,50.0,6.4,0
S0176,BCA,54.8,71.0,0,50.0,3.9,1
